sequence,frame_id,legacy_candidate_count,pure_candidate_count,added_candidate_count,legacy_nearest_set,pure_nearest_set,legacy_full_pred,pure_full_pred,legacy_disagreement,pure_disagreement,nearest_changed,full_changed,disagreement_status_changed
400,1600938533486674,2,2,0,1,1,1,1,False,False,False,False,False
400,1600938533553308,2,2,0,1,1,1,1,False,False,False,False,False
400,1600938533619944,2,2,0,0,0,0,0,False,False,False,False,False
400,1600938533686583,2,2,0,0,0,0,0,False,False,False,False,False
400,1600938533753222,2,2,0,0,0,0,0,False,False,False,False,False
400,1600938533819859,3,3,0,0,0,0,0,False,False,False,False,False
400,1600938533886497,4,4,0,0,0,0,0,False,False,False,False,False
400,1600938533953135,4,4,0,0;1,0;1,0,0,False,False,False,False,False
400,1600938534019771,4,4,0,1;3,1;3,1,1,False,False,False,False,False
400,1600938534086408,4,4,0,2,2,2,2,False,False,False,False,False
400,1600938534153045,4,4,0,3,3,0,0,True,True,False,False,False
400,1600938534219681,4,4,0,0,0,0,0,False,False,False,False,False
400,1600938534286316,4,4,0,1,1,1,1,False,False,False,False,False
400,1600938534352951,4,4,0,2,2,1,1,True,True,False,False,False
400,1600938534419587,4,4,0,1,1,1,1,False,False,False,False,False
400,1600938534486220,4,4,0,1,1,1,1,False,False,False,False,False
400,1600938534552855,4,4,0,1,1,1,1,False,False,False,False,False
400,1600938534619491,4,4,0,0;1,0;1,1,1,False,False,False,False,False
400,1600938534686129,4,4,0,1,1,1,1,False,False,False,False,False
400,1600938534752767,4,4,0,1,1,1,1,False,False,False,False,False
400,1600938534819405,4,4,0,1,1,1,1,False,False,False,False,False
400,1600938534886042,4,4,0,2,2,2,2,False,False,False,False,False
400,1600938534952679,4,4,0,1,1,1,1,False,False,False,False,False
400,1600938535019316,3,4,1,2,2,2,2,False,False,False,False,False
400,1600938535085951,4,4,0,1,1,1,1,False,False,False,False,False
400,1600938535152588,4,4,0,1,1,1,1,False,False,False,False,False
401,1600938536751851,9,9,0,5,5,0,0,True,True,False,False,False
401,1600938536818488,9,9,0,8,8,1,1,True,True,False,False,False
401,1600938536885126,9,9,0,7,7,0,0,True,True,False,False,False
401,1600938536951764,11,11,0,5,5,1,1,True,True,False,False,False
401,1600938537018400,11,11,0,8,8,2,2,True,True,False,False,False
401,1600938537085037,10,10,0,10,10,1,1,True,True,False,False,False
401,1600938537151673,10,10,0,11,11,2,2,True,True,False,False,False
401,1600938537218310,8,8,0,4,4,4,4,False,False,False,False,False
401,1600938537284944,9,9,0,2,2,2,2,False,False,False,False,False
401,1600938537351580,9,9,0,2,2,2,2,False,False,False,False,False
401,1600938537418215,9,9,0,5,5,5,5,False,False,False,False,False
401,1600938537484849,9,9,0,6,6,6,6,False,False,False,False,False
401,1600938537551483,9,9,0,7,7,0,0,True,True,False,False,False
401,1600938537618118,8,8,0,7,7,1,1,True,True,False,False,False
401,1600938537684754,8,9,1,6,6,1,1,True,True,False,False,False
401,1600938537751390,7,8,1,1,1,1,1,False,False,False,False,False
401,1600938537818025,6,9,3,1,1,1,1,False,False,False,False,False
401,1600938537884660,7,9,2,0,0,0,0,False,False,False,False,False
401,1600938537951295,9,9,0,6,6,1,1,True,True,False,False,False
401,1600938538017929,8,9,1,2,2,2,2,False,False,False,False,False
401,1600938538084562,9,9,0,6,6,1,1,True,True,False,False,False
401,1600938538151196,10,10,0,6,6,2,2,True,True,False,False,False
401,1600938538217830,10,10,0,1,1,1,1,False,False,False,False,False
401,1600938538284461,12,12,0,0,0,0,0,False,False,False,False,False
401,1600938538351094,12,12,0,7,7,7,7,False,False,False,False,False
401,1600938538417726,12,12,0,0;1;5,0;1;5,0,0,False,False,False,False,False
401,1600938538484357,12,12,0,1,1,1,1,False,False,False,False,False
401,1600938538550987,11,11,0,7,7,7,7,False,False,False,False,False
401,1600938538617621,12,12,0,5,5,5,5,False,False,False,False,False
401,1600938538684260,12,12,0,6,6,6,6,False,False,False,False,False
401,1600938538750897,12,12,0,0,0,5,5,True,True,False,False,False
401,1600938538817535,12,12,0,1,1,1,1,False,False,False,False,False
401,1600938538884172,12,12,0,5,5,5,5,False,False,False,False,False
401,1600938538950808,12,12,0,4,4,4,4,False,False,False,False,False
401,1600938539017445,13,13,0,7,7,7,7,False,False,False,False,False
402,1600938539084082,13,13,0,6,6,6,6,False,False,False,False,False
402,1600938539150716,12,12,0,6,6,6,6,False,False,False,False,False
402,1600938539217352,11,11,0,5,5,5,5,False,False,False,False,False
402,1600938539283987,12,12,0,5,5,1,1,True,True,False,False,False
402,1600938539350621,11,11,0,5,5,5,5,False,False,False,False,False
402,1600938539417256,12,12,0,3,3,3,3,False,False,False,False,False
402,1600938539483890,11,11,0,9,9,9,9,False,False,False,False,False
402,1600938539550524,10,10,0,7,7,7,7,False,False,False,False,False
402,1600938539617158,11,11,0,7,7,7,7,False,False,False,False,False
402,1600938539683797,10,11,1,6,6,6,6,False,False,False,False,False
402,1600938539750435,11,11,0,5,5,5,5,False,False,False,False,False
402,1600938539817073,11,11,0,5,5,5,5,False,False,False,False,False
402,1600938539883711,11,11,0,5,5,2,2,True,True,False,False,False
402,1600938539950348,11,11,0,4,4,1,1,True,True,False,False,False
402,1600938540016985,11,11,0,3,3,0,0,True,True,False,False,False
402,1600938540083622,10,10,0,3,3,0,0,True,True,False,False,False
402,1600938540150258,9,9,0,3,3,0,0,True,True,False,False,False
402,1600938540216893,9,9,0,8,8,0,0,True,True,False,False,False
402,1600938540283529,10,10,0,8,8,0,0,True,True,False,False,False
402,1600938540350165,10,10,0,10,10,0,0,True,True,False,False,False
402,1600938540416799,10,10,0,5,5,0,0,True,True,False,False,False
402,1600938540483433,7,7,0,0,0,0,0,False,False,False,False,False
402,1600938540550068,9,9,0,0,0,0,0,False,False,False,False,False
402,1600938540616703,7,7,0,4,4,0,0,True,True,False,False,False
402,1600938540683342,6,6,0,4,4,0,0,True,True,False,False,False
402,1600938540749981,5,5,0,3,3,0,0,True,True,False,False,False
402,1600938540816619,7,7,0,3,3,0,0,True,True,False,False,False
402,1600938540883257,7,7,0,0,0,0,0,False,False,False,False,False
402,1600938540949895,8,8,0,5,5,0,0,True,True,False,False,False
403,1600938541416349,9,9,0,1,1,0,0,True,True,False,False,False
403,1600938541482983,9,9,0,2,2,0,0,True,True,False,False,False
403,1600938541549618,10,10,0,6,6,0,0,True,True,False,False,False
403,1600938541616279,9,9,0,0,0,0,0,False,False,False,False,False
403,1600938541683041,10,10,0,1,1,1,1,False,False,False,False,False
403,1600938541749804,10,10,0,7,7,0,0,True,True,False,False,False
403,1600938541816571,10,10,0,6,6,0,0,True,True,False,False,False
403,1600938541883340,10,10,0,1,1,1,1,False,False,False,False,False
403,1600938541950112,11,11,0,6,6,6,6,False,False,False,False,False
403,1600938542016887,10,10,0,6,6,6,6,False,False,False,False,False
403,1600938542083666,11,11,0,11,11,8,8,True,True,False,False,False
403,1600938542150446,9,9,0,10,10,4,4,True,True,False,False,False
403,1600938542217230,10,10,0,6,6,6,6,False,False,False,False,False
403,1600938542284016,8,8,0,3,3,3,3,False,False,False,False,False
403,1600938542350805,7,7,0,3,3,4,4,True,True,False,False,False
403,1600938542417597,7,8,1,0,5,0,5,False,False,True,True,False
403,1600938542484392,8,8,0,5,5,5,5,False,False,False,False,False
403,1600938542551189,8,8,0,5,5,5,5,False,False,False,False,False
403,1600938542617959,8,8,0,5,5,5,5,False,False,False,False,False
403,1600938542684620,7,7,0,6,6,6,6,False,False,False,False,False
403,1600938542751279,5,5,0,0,0,0,0,False,False,False,False,False
403,1600938542817939,5,5,0,0,0,0,0,False,False,False,False,False
403,1600938542884599,5,5,0,0,0,0,0,False,False,False,False,False
403,1600938542951259,5,5,0,0,0,0,0,False,False,False,False,False
403,1600938543017919,6,6,0,1,1,1,1,False,False,False,False,False
403,1600938543084579,6,6,0,1,1,1,1,False,False,False,False,False
403,1600938543151239,5,5,0,0,0,0,0,False,False,False,False,False
403,1600938543217898,5,5,0,0,0,0,0,False,False,False,False,False
403,1600938543284559,5,5,0,0,0,0,0,False,False,False,False,False
403,1600938543351219,5,5,0,1,1,1,1,False,False,False,False,False
403,1600938543417878,5,5,0,0,0,0,0,False,False,False,False,False
403,1600938543484538,5,5,0,0,0,0,0,False,False,False,False,False
403,1600938543551199,7,7,0,5,5,5,5,False,False,False,False,False
403,1600938543617858,7,7,0,3,3,3,3,False,False,False,False,False
403,1600938543684518,7,7,0,1,1,1,1,False,False,False,False,False
403,1600938543751179,8,8,0,7,7,7,7,False,False,False,False,False
403,1600938543817839,8,8,0,7,7,7,7,False,False,False,False,False
403,1600938543884499,9,9,0,7,7,7,7,False,False,False,False,False
403,1600938543951159,9,9,0,7,7,7,7,False,False,False,False,False
403,1600938544017819,9,9,0,7,7,7,7,False,False,False,False,False
404,1600938544951051,8,8,0,0,0,0,0,False,False,False,False,False
404,1600938545017709,10,10,0,1,1,1,1,False,False,False,False,False
404,1600938545084367,9,9,0,0,0,0,0,False,False,False,False,False
404,1600938545151025,10,10,0,0,0,0,0,False,False,False,False,False
404,1600938545217683,9,9,0,0,0,0,0,False,False,False,False,False
404,1600938545284341,8,8,0,0,0,0,0,False,False,False,False,False
404,1600938545350999,9,9,0,0,0,0,0,False,False,False,False,False
404,1600938545417657,7,7,0,0,0,0,0,False,False,False,False,False
404,1600938545484315,6,6,0,0,0,0,0,False,False,False,False,False
404,1600938545550972,5,6,1,1,1,1,1,False,False,False,False,False
404,1600938545617631,6,7,1,0,0,0,0,False,False,False,False,False
404,1600938545684291,5,5,0,1,1,1,1,False,False,False,False,False
404,1600938545750951,5,5,0,1,1,1,1,False,False,False,False,False
404,1600938545817612,4,4,0,0,0,0,0,False,False,False,False,False
404,1600938545884272,4,4,0,0,0,0,0,False,False,False,False,False
404,1600938545950931,3,4,1,0,0,0,0,False,False,False,False,False
404,1600938546017592,3,3,0,0,0,0,0,False,False,False,False,False
404,1600938546084253,4,4,0,1,1,1,1,False,False,False,False,False
404,1600938546150912,3,3,0,1,1,1,1,False,False,False,False,False
404,1600938546217573,3,3,0,1,1,1,1,False,False,False,False,False
404,1600938546284234,4,4,0,0,0,0,0,False,False,False,False,False
404,1600938546350893,4,4,0,0,0,0,0,False,False,False,False,False
404,1600938546417554,4,4,0,0,0,0,0,False,False,False,False,False
404,1600938546484215,4,4,0,1,1,1,1,False,False,False,False,False
404,1600938546550876,4,4,0,0,0,0,0,False,False,False,False,False
404,1600938546617535,4,4,0,1,1,1,1,False,False,False,False,False
404,1600938546684195,5,5,0,1,1,1,1,False,False,False,False,False
404,1600938546750855,6,6,0,0,0,0,0,False,False,False,False,False
404,1600938546817514,6,6,0,0,0,0,0,False,False,False,False,False
404,1600938546884173,7,7,0,0,0,0,0,False,False,False,False,False
404,1600938546950833,8,8,0,0,0,0,0,False,False,False,False,False
404,1600938547017492,7,7,0,7,7,2,2,True,True,False,False,False
404,1600938547084151,5,5,0,4,4,4,4,False,False,False,False,False
404,1600938547150811,5,5,0,4,4,4,4,False,False,False,False,False
404,1600938547217470,5,5,0,3,3,0,0,True,True,False,False,False
405,1600938547284129,6,6,0,2,2,0,0,True,True,False,False,False
405,1600938547350789,6,6,0,3,3,0,0,True,True,False,False,False
405,1600938547417448,7,7,0,7,7,7,7,False,False,False,False,False
405,1600938547484107,7,7,0,6,6,6,6,False,False,False,False,False
405,1600938547550767,6,6,0,6,6,6,6,False,False,False,False,False
405,1600938547617427,7,7,0,6,6,6,6,False,False,False,False,False
405,1600938547684085,6,7,1,3,5,3,5,False,False,True,True,False
405,1600938547750744,7,7,0,5,5,5,5,False,False,False,False,False
405,1600938547817404,8,8,0,6,6,6,6,False,False,False,False,False
405,1600938547884062,7,7,0,5,5,0,0,True,True,False,False,False
405,1600938547950722,8,8,0,2,2,2,2,False,False,False,False,False
405,1600938548017382,8,8,0,2,2,0,0,True,True,False,False,False
405,1600938548084040,8,8,0,2,2,0,0,True,True,False,False,False
405,1600938548150699,8,8,0,6,6,0,0,True,True,False,False,False
405,1600938548217359,7,7,0,2,2,1,1,True,True,False,False,False
405,1600938548284017,8,8,0,0;3,0;3,0,0,False,False,False,False,False
405,1600938548350676,8,8,0,3,3,0,0,True,True,False,False,False
405,1600938548417336,7,7,0,0;3,0;3,0,0,False,False,False,False,False
405,1600938548483994,5,5,0,1;3,1;3,0,0,True,True,False,False,False
405,1600938548550654,6,6,0,2,2,2,2,False,False,False,False,False
405,1600938548617313,6,6,0,2,2,0,0,True,True,False,False,False
405,1600938548683973,6,6,0,0,0,0,0,False,False,False,False,False
405,1600938548750633,5,5,0,2,2,0,0,True,True,False,False,False
405,1600938548817294,6,6,0,3,3,0,0,True,True,False,False,False
405,1600938548883955,5,5,0,0,0,0,0,False,False,False,False,False
405,1600938548950614,6,6,0,3,3,0,0,True,True,False,False,False
405,1600938549017275,6,6,0,2,2,1,1,True,True,False,False,False
405,1600938549083935,6,6,0,2,2,0,0,True,True,False,False,False
405,1600938549150595,6,6,0,0;2,0;2,0,0,False,False,False,False,False
405,1600938549217256,6,6,0,3,3,0,0,True,True,False,False,False
405,1600938549283917,6,6,0,0,0,0,0,False,False,False,False,False
405,1600938549350576,6,6,0,0,0,0,0,False,False,False,False,False
405,1600938549417237,7,7,0,5,5,5,5,False,False,False,False,False
405,1600938549483898,7,8,1,5,5,5,5,False,False,False,False,False
405,1600938549550557,8,8,0,4,4,4,4,False,False,False,False,False
405,1600938549617218,8,8,0,3,3,3,3,False,False,False,False,False
405,1600938549683879,7,8,1,2,1,0,0,True,True,True,False,False
405,1600938549750538,7,7,0,1,1,1,1,False,False,False,False,False
405,1600938549817198,8,9,1,0,0,0,0,False,False,False,False,False
405,1600938549883859,8,8,0,0,0,0,0,False,False,False,False,False
406,1600938551350383,8,9,1,1,1,1,1,False,False,False,False,False
406,1600938551417043,7,7,0,1,1,1,1,False,False,False,False,False
406,1600938551483703,7,7,0,0,0,0,0,False,False,False,False,False
406,1600938551550363,8,8,0,0,0,0,0,False,False,False,False,False
406,1600938551617024,7,7,0,0,0,0,0,False,False,False,False,False
406,1600938551683679,6,6,0,0,0,0,0,False,False,False,False,False
406,1600938551750335,5,5,0,0,0,0,0,False,False,False,False,False
406,1600938551816991,6,6,0,0,0,0,0,False,False,False,False,False
406,1600938551883646,6,6,0,0,0,0,0,False,False,False,False,False
406,1600938551950302,7,7,0,5,5,0,0,True,True,False,False,False
406,1600938552016958,9,9,0,5,5,0,0,True,True,False,False,False
406,1600938552083612,8,8,0,1,1,1,1,False,False,False,False,False
406,1600938552150268,9,9,0,0,0,0,0,False,False,False,False,False
406,1600938552216924,11,11,0,1,1,0,0,True,True,False,False,False
406,1600938552283579,10,10,0,3,3,3,3,False,False,False,False,False
406,1600938552350234,12,12,0,3,3,3,3,False,False,False,False,False
406,1600938552416890,8,8,0,1,1,1,1,False,False,False,False,False
406,1600938552483544,10,10,0,0,0,1,1,True,True,False,False,False
406,1600938552550200,9,10,1,1,1,3,3,True,True,False,False,False
406,1600938552616855,10,10,0,1;2,1;2,2,2,False,False,False,False,False
406,1600938552683516,10,10,0,0,0,4,4,True,True,False,False,False
406,1600938552750176,12,12,0,0,0,1,1,True,True,False,False,False
406,1600938552816836,13,13,0,11,11,0,0,True,True,False,False,False
406,1600938552883497,11,11,0,0,0,2,2,True,True,False,False,False
406,1600938552950157,13,13,0,2,2,0,0,True,True,False,False,False
406,1600938553016818,12,12,0,0,0,2,2,True,True,False,False,False
406,1600938553083478,12,12,0,1,1,1,1,False,False,False,False,False
406,1600938553150138,11,11,0,0,0,1,1,True,True,False,False,False
406,1600938553216799,11,11,0,2,2,0,0,True,True,False,False,False
406,1600938553283460,10,10,0,0,0,0,0,False,False,False,False,False
406,1600938553350120,9,9,0,1,1,1,1,False,False,False,False,False
406,1600938553416781,8,8,0,0,0,1,1,True,True,False,False,False
406,1600938553483441,7,8,1,1,1,1,0,False,True,False,True,True
406,1600938553550101,8,8,0,1,1,1,1,False,False,False,False,False
406,1600938553616762,6,7,1,1,1,0,0,True,True,False,False,False
406,1600938553683422,7,7,0,1,1,1,1,False,False,False,False,False
406,1600938553750082,8,8,0,1,1,1,1,False,False,False,False,False
406,1600938553816741,7,7,0,5,5,0,0,True,True,False,False,False
406,1600938553883401,7,7,0,4,4,0,0,True,True,False,False,False
406,1600938553950060,5,5,0,4,4,0,0,True,True,False,False,False
407,1600938556483142,4,4,0,3,3,3,3,False,False,False,False,False
407,1600938556549802,6,6,0,5,5,5,5,False,False,False,False,False
407,1600938556616462,5,5,0,1,1,1,1,False,False,False,False,False
407,1600938556683124,5,5,0,4,4,4,4,False,False,False,False,False
407,1600938556749784,6,7,1,2,2,2,2,False,False,False,False,False
407,1600938556816445,6,6,0,4,4,4,4,False,False,False,False,False
407,1600938556883106,5,5,0,1,1,1,1,False,False,False,False,False
407,1600938556949767,6,6,0,1,1,5,5,True,True,False,False,False
407,1600938557016428,7,7,0,3,3,2,2,True,True,False,False,False
407,1600938557083089,6,6,0,1,1,4,4,True,True,False,False,False
407,1600938557149750,8,8,0,1,1,1,1,False,False,False,False,False
407,1600938557216411,8,8,0,6,6,6,6,False,False,False,False,False
407,1600938557283072,9,9,0,4,4,5,5,True,True,False,False,False
407,1600938557349733,8,8,0,4,4,3,3,True,True,False,False,False
407,1600938557416394,8,8,0,5,5,4,4,True,True,False,False,False
407,1600938557483056,9,9,0,6,6,3,3,True,True,False,False,False
407,1600938557549717,9,10,1,4,7,4,4,False,True,True,False,True
407,1600938557616378,9,10,1,3,8,3,3,False,True,True,False,True
407,1600938557683039,10,11,1,5,5,5,5,False,False,False,False,False
407,1600938557749700,10,11,1,12,12,6,6,True,True,False,False,False
407,1600938557816360,9,10,1,7,7,7,7,False,False,False,False,False
407,1600938557883021,11,11,0,11,11,7,7,True,True,False,False,False
407,1600938557949682,10,10,0,6,6,6,6,False,False,False,False,False
407,1600938558016342,11,11,0,7,7,7,7,False,False,False,False,False
407,1600938558083003,12,12,0,12,12,6,6,True,True,False,False,False
407,1600938558149664,12,12,0,7,7,4,4,True,True,False,False,False
407,1600938558216324,12,12,0,7,7,7,7,False,False,False,False,False
407,1600938558282985,11,11,0,7,7,7,7,False,False,False,False,False
407,1600938558349646,11,12,1,10,10,7,7,True,True,False,False,False
407,1600938558416306,8,10,2,7,7,7,4,False,True,False,True,True
407,1600938558482967,12,12,0,6,6,5,5,True,True,False,False,False
407,1600938558549628,11,12,1,8,8,8,8,False,False,False,False,False
407,1600938558616289,12,12,0,4,4,4,4,False,False,False,False,False
407,1600938558682949,10,11,1,7,7,5,5,True,True,False,False,False
407,1600938558749610,9,10,1,4,4,7,5,True,True,False,True,False
407,1600938558816270,10,10,0,6,6,6,6,False,False,False,False,False
407,1600938558882931,10,10,0,7,7,7,7,False,False,False,False,False
407,1600938558949592,6,9,3,8,8,8,4,False,True,False,True,True
407,1600938559016252,5,7,2,3,2,3,2,False,False,True,True,False
407,1600938559082912,5,7,2,3,2,3,2,False,False,True,True,False
408,1600938560549420,8,9,1,5,5,3,3,True,True,False,False,False
408,1600938560616079,7,7,0,6,6,5,5,True,True,False,False,False
408,1600938560682739,6,7,1,4,4,0,0,True,True,False,False,False
408,1600938560749397,6,7,1,5,5,0,0,True,True,False,False,False
408,1600938560816057,5,8,3,3,3,0,0,True,True,False,False,False
408,1600938560882717,4,8,4,2,2,2,2,False,False,False,False,False
408,1600938560949375,6,8,2,5,8,0,0,True,True,True,False,False
408,1600938561016034,5,6,1,1,1,1,1,False,False,False,False,False
408,1600938561082694,6,7,1,6,6,3,3,True,True,False,False,False
408,1600938561149352,5,6,1,6,6,0,0,True,True,False,False,False
408,1600938561216011,5,6,1,6,6,6,0,False,True,False,True,True
408,1600938561282671,5,6,1,5,5,5,5,False,False,False,False,False
408,1600938561349329,6,6,0,5,5,0,0,True,True,False,False,False
408,1600938561415988,6,6,0,5,5,5,5,False,False,False,False,False
408,1600938561482648,6,6,0,5,5,0,0,True,True,False,False,False
408,1600938561549306,5,6,1,4,4,0,0,True,True,False,False,False
408,1600938561615965,6,6,0,4,4,0,0,True,True,False,False,False
408,1600938561682626,6,6,0,4,4,2,2,True,True,False,False,False
408,1600938561749287,5,6,1,4,6,0,6,True,False,True,True,True
408,1600938561815947,6,7,1,5,7,2,2,True,True,True,False,False
408,1600938561882608,5,7,2,4,10,3,3,True,True,True,False,False
408,1600938561949268,5,6,1,5,5,0,0,True,True,False,False,False
408,1600938562015928,7,7,0,5,5,2,2,True,True,False,False,False
408,1600938562082589,5,6,1,7,7,2,2,True,True,False,False,False
408,1600938562149250,6,6,0,4,4,2,2,True,True,False,False,False
408,1600938562215910,7,7,0,6,6,0,0,True,True,False,False,False
408,1600938562282571,6,6,0,8,8,0,0,True,True,False,False,False
408,1600938562349232,6,7,1,5,5,0,0,True,True,False,False,False
408,1600938562415892,7,7,0,1,1,1,1,False,False,False,False,False
408,1600938562482553,6,6,0,1,1,3,3,True,True,False,False,False
408,1600938562549214,5,5,0,5,5,1,1,True,True,False,False,False
408,1600938562615874,6,6,0,1,1,1,1,False,False,False,False,False
408,1600938562682535,6,6,0,9,9,1,1,True,True,False,False,False
408,1600938562749196,7,7,0,4,4,4,4,False,False,False,False,False
408,1600938562815857,8,8,0,5,5,5,5,False,False,False,False,False
408,1600938562882516,8,8,0,1,1,1,1,False,False,False,False,False
408,1600938562949177,9,9,0,3,3,3,3,False,False,False,False,False
408,1600938563015838,7,8,1,8,8,3,3,True,True,False,False,False
408,1600938563082498,7,8,1,3,3,3,3,False,False,False,False,False
409,1600938563149159,9,9,0,3,3,3,3,False,False,False,False,False
409,1600938563215820,10,10,0,4,4,4,4,False,False,False,False,False
409,1600938563282480,10,10,0,4,4,4,4,False,False,False,False,False
409,1600938563349141,10,10,0,3,3,3,3,False,False,False,False,False
409,1600938563415802,9,9,0,6,6,6,6,False,False,False,False,False
409,1600938563482462,9,9,0,3,3,3,3,False,False,False,False,False
409,1600938563549123,10,10,0,5,5,5,5,False,False,False,False,False
409,1600938563615784,7,7,0,3,3,3,3,False,False,False,False,False
409,1600938563682444,8,8,0,5,5,5,5,False,False,False,False,False
409,1600938563749105,8,8,0,4,4,4,4,False,False,False,False,False
409,1600938563815766,4,5,1,4,4,4,4,False,False,False,False,False
409,1600938563882426,5,6,1,4,4,4,4,False,False,False,False,False
409,1600938563949086,5,6,1,4,4,4,4,False,False,False,False,False
409,1600938564015747,6,6,0,2,2,2,2,False,False,False,False,False
409,1600938564082407,4,5,1,3,2,3,2,False,False,True,True,False
409,1600938564149068,4,4,0,3,3,3,3,False,False,False,False,False
409,1600938564215729,3,4,1,3,2,3,2,False,False,True,True,False
409,1600938564282389,3,4,1,3,2,3,2,False,False,True,True,False
409,1600938564349050,3,4,1,3,2,3,2,False,False,True,True,False
409,1600938564415711,3,4,1,3,2,3,2,False,False,True,True,False
409,1600938564482371,3,4,1,2,3,2,3,False,False,True,True,False
409,1600938564549031,3,4,1,3,2,3,2,False,False,True,True,False
409,1600938564615692,3,4,1,3,3,3,3,False,False,False,False,False
409,1600938564682353,3,4,1,3,3,3,3,False,False,False,False,False
409,1600938564749013,3,4,1,3,3,3,3,False,False,False,False,False
409,1600938564815674,3,4,1,3,3,3,3,False,False,False,False,False
409,1600938564882336,3,4,1,3,3,3,3,False,False,False,False,False
409,1600938564948996,5,6,1,3,3,3,3,False,False,False,False,False
409,1600938565015657,5,5,0,1,1,1,1,False,False,False,False,False
409,1600938565082318,6,6,0,3,3,3,3,False,False,False,False,False
409,1600938565148978,6,6,0,3,3,3,3,False,False,False,False,False
409,1600938565215639,5,5,0,3,3,3,3,False,False,False,False,False
409,1600938565282301,5,5,0,1,1,1,1,False,False,False,False,False
409,1600938565348961,5,5,0,0,0,0,0,False,False,False,False,False
409,1600938565415622,5,5,0,0,0,0,0,False,False,False,False,False
409,1600938565482283,5,5,0,2,2,2,2,False,False,False,False,False
409,1600938565548945,5,5,0,1,1,1,1,False,False,False,False,False
409,1600938565615605,5,5,0,2,2,2,2,False,False,False,False,False
409,1600938565682263,5,5,0,1,1,1,1,False,False,False,False,False
409,1600938565748920,5,5,0,1,1,1,1,False,False,False,False,False
