sequence,frame_id,legacy_candidate_count,pure_candidate_count,added_candidate_count,added_pred_gt_depth,legacy_depth_min,legacy_depth_max,legacy_depth_range,pure_depth_min,pure_depth_max,pure_depth_range,depth_min_changed,depth_max_changed,depth_range_changed,legacy_nearest_set,pure_nearest_set,nearest_changed,nearest_change_class,added_candidate_is_pure_nearest,legacy_full_pred,pure_full_pred,full_changed,full_change_class,added_candidate_is_pure_full,legacy_full_legacy_proximity,legacy_full_legacy_score,legacy_full_pure_proximity,legacy_full_pure_score,pure_full_legacy_proximity,pure_full_legacy_score,pure_full_pure_proximity,pure_full_pure_score
400,1600938535019316,3,4,1,0:4004651:813.0,810.0,848.0,38.0,810.0,848.0,38.0,False,False,False,2,2,False,NEAREST_UNCHANGED,,2,2,False,FULL_UNCHANGED,,1.0,0.8099954524482089,1.0,0.8099954524482089,1.0,0.8099954524482089,1.0,0.8099954524482089
401,1600938537684754,8,9,1,7:4013466:888.0,708.0,929.0,221.0,708.0,929.0,221.0,False,False,False,6,6,False,NEAREST_UNCHANGED,,1,1,False,FULL_UNCHANGED,,0.5248868778280543,0.6207521058942449,0.5248868778280543,0.6207521058942449,0.5248868778280543,0.6207521058942449,0.5248868778280543,0.6207521058942449
401,1600938537751390,7,8,1,8:4013466:883.0,833.0,929.0,96.0,833.0,929.0,96.0,False,False,False,1,1,False,NEAREST_UNCHANGED,,1,1,False,FULL_UNCHANGED,,1.0,0.7933384500250101,1.0,0.7933384500250101,1.0,0.7933384500250101,1.0,0.7933384500250101
401,1600938537818025,6,9,3,4:4013449:854.0;5:4013470:861.0;7:4013466:882.0,833.0,937.0,104.0,833.0,937.0,104.0,False,False,False,1,1,False,NEAREST_UNCHANGED,,1,1,False,FULL_UNCHANGED,,1.0,0.7932149719267708,1.0,0.7932149719267708,1.0,0.7932149719267708,1.0,0.7932149719267708
401,1600938537884660,7,9,2,4:4013449:874.0;5:4013466:890.0,817.0,936.0,119.0,817.0,936.0,119.0,False,False,False,0,0,False,NEAREST_UNCHANGED,,0,0,False,FULL_UNCHANGED,,1.0,0.7929264773388721,1.0,0.7929264773388721,1.0,0.7929264773388721,1.0,0.7929264773388721
401,1600938538017929,8,9,1,6:4013470:838.0,822.0,938.0,116.0,822.0,938.0,116.0,False,False,False,2,2,False,NEAREST_UNCHANGED,,2,2,False,FULL_UNCHANGED,,1.0,0.7892618420188636,1.0,0.7892618420188636,1.0,0.7892618420188636,1.0,0.7892618420188636
402,1600938539683797,10,11,1,0:4024742:827.0,784.0,899.0,115.0,784.0,899.0,115.0,False,False,False,6,6,False,NEAREST_UNCHANGED,,6,6,False,FULL_UNCHANGED,,1.0,0.7353215406702334,1.0,0.7353215406702334,1.0,0.7353215406702334,1.0,0.7353215406702334
403,1600938542417597,7,8,1,5:4035128:844.0,914.0,1010.0,96.0,844.0,1010.0,166.0,True,False,True,0,5,True,NEW_CANDIDATE_NEAREST,5,0,5,True,DIRECT_NEW_FULL,5,1.0,0.7965351640475964,0.5783132530120482,0.6489448026018132,,,1.0,0.7211619017844408
404,1600938545550972,5,6,1,4:4044704:871.0,801.0,965.0,164.0,801.0,965.0,164.0,False,False,False,1,1,False,NEAREST_UNCHANGED,,1,1,False,FULL_UNCHANGED,,1.0,0.8275675584447229,1.0,0.8275675584447229,1.0,0.8275675584447229,1.0,0.8275675584447229
404,1600938545617631,6,7,1,4:4044704:890.0,799.0,967.0,168.0,799.0,967.0,168.0,False,False,False,0,0,False,NEAREST_UNCHANGED,,0,0,False,FULL_UNCHANGED,,1.0,0.8311922084194105,1.0,0.8311922084194105,1.0,0.8311922084194105,1.0,0.8311922084194105
404,1600938545950931,3,4,1,3:4044704:839.0,794.0,852.0,58.0,794.0,852.0,58.0,False,False,False,0,0,False,NEAREST_UNCHANGED,,0,0,False,FULL_UNCHANGED,,1.0,0.8231929003282825,1.0,0.8231929003282825,1.0,0.8231929003282825,1.0,0.8231929003282825
405,1600938547684085,6,7,1,5:4054947:757.0,870.0,925.0,55.0,757.0,925.0,168.0,True,False,True,3,5,True,NEW_CANDIDATE_NEAREST,5,3,5,True,DIRECT_NEW_FULL,5,1.0,0.8053999260157556,0.3273809523809524,0.569983259349089,,,1.0,0.6446854724155363
405,1600938549483898,7,8,1,7:4054952:948.0,768.0,951.0,183.0,768.0,951.0,183.0,False,False,False,5,5,False,NEAREST_UNCHANGED,,5,5,False,FULL_UNCHANGED,,1.0,0.7904323284042627,1.0,0.7904323284042627,1.0,0.7904323284042627,1.0,0.7904323284042627
405,1600938549683879,7,8,1,1:4054970:762.0,873.0,4308.0,3435.0,762.0,4308.0,3546.0,True,False,True,2,1,True,NEW_CANDIDATE_NEAREST,1,0,0,False,FULL_UNCHANGED,,0.9988355167394468,0.8372865458678047,0.9675690919345742,0.8263432971860993,0.9988355167394468,0.8372865458678047,0.9675690919345742,0.8263432971860993
405,1600938549817198,8,9,1,7:4054952:952.0,758.0,949.0,191.0,758.0,952.0,194.0,False,True,True,0,0,False,NEAREST_UNCHANGED,,0,0,False,FULL_UNCHANGED,,1.0,0.8121266732694886,1.0,0.8121266732694886,1.0,0.8121266732694886,1.0,0.8121266732694886
406,1600938551350383,8,9,1,4:4062837:965.0,754.0,974.0,220.0,754.0,974.0,220.0,False,False,False,1,1,False,NEAREST_UNCHANGED,,1,1,False,FULL_UNCHANGED,,1.0,0.8269746693126068,1.0,0.8269746693126068,1.0,0.8269746693126068,1.0,0.8269746693126068
406,1600938552550200,9,10,1,8:4062831:780.0,750.0,910.0,160.0,750.0,910.0,160.0,False,False,False,1,1,False,NEAREST_UNCHANGED,,3,3,False,FULL_UNCHANGED,,0.9875,0.8364746310848464,0.9875,0.8364746310848464,0.9875,0.8364746310848464,0.9875,0.8364746310848464
406,1600938553483441,7,8,1,0:4062851:747.0,739.0,932.0,193.0,739.0,932.0,193.0,False,False,False,1,1,False,NEAREST_UNCHANGED,,1,0,True,DIRECT_NEW_FULL,0,1.0,0.8454344398878084,1.0,0.8454344398878084,,,0.9585492227979274,0.8751638984504518
406,1600938553616762,6,7,1,5:4062850:753.0,740.0,917.0,177.0,740.0,917.0,177.0,False,False,False,1,1,False,NEAREST_UNCHANGED,,0,0,False,FULL_UNCHANGED,,0.9887005649717514,0.8894111378638863,0.9887005649717514,0.8894111378638863,0.9887005649717514,0.8894111378638863,0.9887005649717514,0.8894111378638863
407,1600938556749784,6,7,1,7:4074914:743.0,669.0,918.0,249.0,669.0,918.0,249.0,False,False,False,2,2,False,NEAREST_UNCHANGED,,2,2,False,FULL_UNCHANGED,,1.0,0.660864993257468,1.0,0.660864993257468,1.0,0.660864993257468,1.0,0.660864993257468
407,1600938557549717,9,10,1,7:4074908:664.0,687.0,862.0,175.0,664.0,862.0,198.0,True,False,True,4,7,True,NEW_CANDIDATE_NEAREST,7,4,4,False,FULL_UNCHANGED,,1.0,0.8002949381515171,0.8838383838383839,0.7596383724949514,1.0,0.8002949381515171,0.8838383838383839,0.7596383724949514
407,1600938557616378,9,10,1,8:4074908:668.0,683.0,835.0,152.0,668.0,835.0,167.0,True,False,True,3,8,True,NEW_CANDIDATE_NEAREST,8,3,3,False,FULL_UNCHANGED,,1.0,0.7961525683326265,0.9101796407185628,0.7647154425841234,1.0,0.7961525683326265,0.9101796407185628,0.7647154425841234
407,1600938557683039,10,11,1,6:4074928:702.0,690.0,880.0,190.0,690.0,880.0,190.0,False,False,False,5,5,False,NEAREST_UNCHANGED,,5,5,False,FULL_UNCHANGED,,1.0,0.7800444026544757,1.0,0.7800444026544757,1.0,0.7800444026544757,1.0,0.7800444026544757
407,1600938557749700,10,11,1,3:4074928:719.0,680.0,832.0,152.0,680.0,832.0,152.0,False,False,False,12,12,False,NEAREST_UNCHANGED,,6,6,False,FULL_UNCHANGED,,0.9276315789473685,0.7633674830825368,0.9276315789473685,0.7633674830825368,0.9276315789473685,0.7633674830825368,0.9276315789473685,0.7633674830825368
407,1600938557816360,9,10,1,3:4074928:707.0,687.0,831.0,144.0,687.0,831.0,144.0,False,False,False,7,7,False,NEAREST_UNCHANGED,,7,7,False,FULL_UNCHANGED,,1.0,0.7826958902969083,1.0,0.7826958902969083,1.0,0.7826958902969083,1.0,0.7826958902969083
407,1600938558349646,11,12,1,5:4074928:717.0,685.5,833.0,147.5,685.5,833.0,147.5,False,False,False,10,10,False,NEAREST_UNCHANGED,,7,7,False,FULL_UNCHANGED,,0.9898305084745763,0.7484537654106121,0.9898305084745763,0.7484537654106121,0.9898305084745763,0.7484537654106121,0.9898305084745763,0.7484537654106121
407,1600938558416306,8,10,2,3:4074923:771.0;4:4074928:711.0,691.0,834.0,143.0,691.0,834.0,143.0,False,False,False,7,7,False,NEAREST_UNCHANGED,,7,4,True,DIRECT_NEW_FULL,4,1.0,0.7554150908642773,1.0,0.7554150908642773,,,0.8601398601398601,0.7561323145104858
407,1600938558549628,11,12,1,4:4074928:719.0,682.0,827.0,145.0,682.0,827.0,145.0,False,False,False,8,8,False,NEAREST_UNCHANGED,,8,8,False,FULL_UNCHANGED,,1.0,0.7333811692406719,1.0,0.7333811692406719,1.0,0.7333811692406719,1.0,0.7333811692406719
407,1600938558682949,10,11,1,6:4074928:723.0,676.0,830.0,154.0,676.0,830.0,154.0,False,False,False,7,7,False,NEAREST_UNCHANGED,,5,5,False,FULL_UNCHANGED,,0.935064935064935,0.7312199422446282,0.935064935064935,0.7312199422446282,0.935064935064935,0.7312199422446282,0.935064935064935,0.7312199422446282
407,1600938558749610,9,10,1,5:4074928:711.0,681.0,830.0,149.0,681.0,830.0,149.0,False,False,False,4,4,False,NEAREST_UNCHANGED,,7,5,True,DIRECT_NEW_FULL,5,0.959731543624161,0.7080419345003754,0.959731543624161,0.7080419345003754,,,0.7986577181208053,0.7222063011276775
407,1600938558949592,6,9,3,3:4074923:769.0;4:4074928:717.0;6:4074908:742.0,694.0,827.0,133.0,694.0,827.0,133.0,False,False,False,8,8,False,NEAREST_UNCHANGED,,8,4,True,DIRECT_NEW_FULL,4,1.0,0.7276211597227624,1.0,0.7276211597227624,,,0.8270676691729323,0.7424087022210172
407,1600938559016252,5,7,2,2:4074928:702.0;4:4074923:777.0,751.0,833.0,82.0,702.0,833.0,131.0,True,False,True,3,2,True,NEW_CANDIDATE_NEAREST,2,3,2,True,DIRECT_NEW_FULL,2,1.0,0.7301459586143325,0.6259541984732825,0.5992299280799813,,,1.0,0.8138955144880126
407,1600938559082912,5,7,2,2:4074928:716.0;4:4074923:763.0,755.0,827.0,72.0,716.0,827.0,111.0,True,False,True,3,2,True,NEW_CANDIDATE_NEAREST,2,3,2,True,DIRECT_NEW_FULL,2,1.0,0.7318616059365785,0.6486486486486487,0.6088886329636056,,,1.0,0.8289864431905862
408,1600938560549420,8,9,1,8:4083017:860.0,695.0,849.0,154.0,695.0,860.0,165.0,False,True,True,5,5,False,NEAREST_UNCHANGED,,3,3,False,FULL_UNCHANGED,,0.8896103896103896,0.7676111529854271,0.896969696969697,0.7701869105611847,0.8896103896103896,0.7676111529854271,0.896969696969697,0.7701869105611847
408,1600938560682739,6,7,1,10:4083017:868.0,712.0,846.0,134.0,712.0,868.0,156.0,False,True,True,4,4,False,NEAREST_UNCHANGED,,0,0,False,FULL_UNCHANGED,,0.6716417910447762,0.7264836716278544,0.717948717948718,0.7426910960442341,0.6716417910447762,0.7264836716278544,0.717948717948718,0.7426910960442341
408,1600938560749397,6,7,1,7:4083017:865.0,704.0,839.0,135.0,704.0,865.0,161.0,False,True,True,5,5,False,NEAREST_UNCHANGED,,0,0,False,FULL_UNCHANGED,,0.6074074074074074,0.7106979259550987,0.6708074534161491,0.7328879420581582,0.6074074074074074,0.7106979259550987,0.6708074534161491,0.7328879420581582
408,1600938560816057,5,8,3,4:4083024:821.0;5:4083017:863.0;6:4083022:725.0,706.0,847.0,141.0,706.0,863.0,157.0,False,True,True,3,3,False,NEAREST_UNCHANGED,,0,0,False,FULL_UNCHANGED,,0.624113475177305,0.7157544471370364,0.6624203821656051,0.7291618645829414,0.624113475177305,0.7157544471370364,0.6624203821656051,0.7291618645829414
408,1600938560882717,4,8,4,0:4083005:761.0;1:4083019:851.0;3:4083024:849.0;7:4083017:857.0,693.0,797.0,104.0,693.0,857.0,164.0,False,True,True,2,2,False,NEAREST_UNCHANGED,,2,2,False,FULL_UNCHANGED,,1.0,0.7157058682346304,1.0,0.7157058682346304,1.0,0.7157058682346304,1.0,0.7157058682346304
408,1600938560949375,6,8,2,4:4083017:856.0;8:4083022:704.0,714.0,854.5,140.5,704.0,856.0,152.0,True,True,True,5,8,True,NEW_CANDIDATE_NEAREST,8,0,0,False,FULL_UNCHANGED,,0.6797153024911032,0.7391939764692396,0.6381578947368421,0.7246488837552482,0.6797153024911032,0.7391939764692396,0.6381578947368421,0.7246488837552482
408,1600938561016034,5,6,1,3:4083017:845.0,695.0,848.0,153.0,695.0,848.0,153.0,False,False,False,1,1,False,NEAREST_UNCHANGED,,1,1,False,FULL_UNCHANGED,,1.0,0.7707374570642883,1.0,0.7707374570642883,1.0,0.7707374570642883,1.0,0.7707374570642883
408,1600938561082694,6,7,1,2:4083017:859.0,711.0,843.0,132.0,711.0,859.0,148.0,False,True,True,6,6,False,NEAREST_UNCHANGED,,3,3,False,FULL_UNCHANGED,,0.9090909090909091,0.7276673123204809,0.918918918918919,0.7311071157602843,0.9090909090909091,0.7276673123204809,0.918918918918919,0.7311071157602843
408,1600938561149352,5,6,1,2:4083017:862.0,684.0,838.0,154.0,684.0,862.0,178.0,False,True,True,6,6,False,NEAREST_UNCHANGED,,0,0,False,FULL_UNCHANGED,,0.4935064935064935,0.6703038199285349,0.5617977528089888,0.6942057606844082,0.4935064935064935,0.6703038199285349,0.5617977528089888,0.6942057606844082
408,1600938561216011,5,6,1,2:4083017:870.0,671.0,841.0,170.0,671.0,870.0,199.0,False,True,True,6,6,False,NEAREST_UNCHANGED,,6,0,True,NORMALIZATION_ONLY_FULL_CHANGE,,1.0,0.6756572934606135,1.0,0.6756572934606135,0.45294117647058824,0.6493656427386078,0.5326633165829145,0.677268391777922
408,1600938561282671,5,6,1,1:4083017:865.0,659.0,841.0,182.0,659.0,865.0,206.0,False,True,True,5,5,False,NEAREST_UNCHANGED,,5,5,False,FULL_UNCHANGED,,1.0,0.6765517346262254,1.0,0.6765517346262254,1.0,0.6765517346262254,1.0,0.6765517346262254
408,1600938561549306,5,6,1,5:4083024:865.0,735.0,885.0,150.0,735.0,885.0,150.0,False,False,False,4,4,False,NEAREST_UNCHANGED,,0,0,False,FULL_UNCHANGED,,0.78,0.7490529292539234,0.78,0.7490529292539234,0.78,0.7490529292539234,0.78,0.7490529292539234
408,1600938561749287,5,6,1,6:4083024:668.0,726.0,902.0,176.0,668.0,902.0,234.0,True,False,True,4,6,True,NEW_CANDIDATE_NEAREST,6,0,6,True,DIRECT_NEW_FULL,6,0.8181818181818182,0.7527034508989869,0.6153846153846154,0.681724429919966,,,1.0,0.6850803692760031
408,1600938561815947,6,7,1,7:4083029:694.0,704.0,902.0,198.0,694.0,902.0,208.0,True,False,True,5,7,True,NEW_CANDIDATE_NEAREST,7,2,2,False,FULL_UNCHANGED,,0.7676767676767676,0.701758651417167,0.7307692307692307,0.6888410134995291,0.7676767676767676,0.701758651417167,0.7307692307692307,0.6888410134995291
408,1600938561882608,5,7,2,6:4083024:852.0;10:4083029:693.0,735.0,897.0,162.0,693.0,897.0,204.0,True,False,True,4,10,True,NEW_CANDIDATE_NEAREST,10,3,3,False,FULL_UNCHANGED,,0.9197530864197531,0.7414942044286574,0.7303921568627451,0.6752178790837046,0.9197530864197531,0.7414942044286574,0.7303921568627451,0.6752178790837046
408,1600938561949268,5,6,1,6:4083024:861.0,735.0,890.0,155.0,735.0,890.0,155.0,False,False,False,5,5,False,NEAREST_UNCHANGED,,0,0,False,FULL_UNCHANGED,,0.832258064516129,0.747328267961791,0.832258064516129,0.747328267961791,0.832258064516129,0.747328267961791,0.832258064516129,0.747328267961791
408,1600938562082589,5,6,1,6:4083024:860.0,726.0,894.0,168.0,726.0,894.0,168.0,False,False,False,7,7,False,NEAREST_UNCHANGED,,2,2,False,FULL_UNCHANGED,,0.8154761904761905,0.7269986341796351,0.8154761904761905,0.7269986341796351,0.8154761904761905,0.7269986341796351,0.8154761904761905,0.7269986341796351
408,1600938562349232,6,7,1,10:4083029:826.0,744.0,898.0,154.0,744.0,898.0,154.0,False,False,False,5,5,False,NEAREST_UNCHANGED,,0,0,False,FULL_UNCHANGED,,0.8506493506493507,0.7522869708232173,0.8506493506493507,0.7522869708232173,0.8506493506493507,0.7522869708232173,0.8506493506493507,0.7522869708232173
408,1600938563015838,7,8,1,4:4083019:880.0,764.0,1061.0,297.0,764.0,1061.0,297.0,False,False,False,8,8,False,NEAREST_UNCHANGED,,3,3,False,FULL_UNCHANGED,,0.8653198653198653,0.7265921653850886,0.8653198653198653,0.7265921653850886,0.8653198653198653,0.7265921653850886,0.8653198653198653,0.7265921653850886
408,1600938563082498,7,8,1,4:4083019:877.0,809.0,1068.0,259.0,809.0,1068.0,259.0,False,False,False,3,3,False,NEAREST_UNCHANGED,,3,3,False,FULL_UNCHANGED,,1.0,0.7610876972300685,1.0,0.7610876972300685,1.0,0.7610876972300685,1.0,0.7610876972300685
409,1600938563815766,4,5,1,3:4094353:881.0,813.0,934.0,121.0,813.0,934.0,121.0,False,False,False,4,4,False,NEAREST_UNCHANGED,,4,4,False,FULL_UNCHANGED,,1.0,0.7734072510593821,1.0,0.7734072510593821,1.0,0.7734072510593821,1.0,0.7734072510593821
409,1600938563882426,5,6,1,3:4094353:862.0,808.0,940.0,132.0,808.0,940.0,132.0,False,False,False,4,4,False,NEAREST_UNCHANGED,,4,4,False,FULL_UNCHANGED,,1.0,0.7624657745458653,1.0,0.7624657745458653,1.0,0.7624657745458653,1.0,0.7624657745458653
409,1600938563949086,5,6,1,2:4094353:869.0,809.0,925.0,116.0,809.0,925.0,116.0,False,False,False,4,4,False,NEAREST_UNCHANGED,,4,4,False,FULL_UNCHANGED,,1.0,0.7522138575068023,1.0,0.7522138575068023,1.0,0.7522138575068023,1.0,0.7522138575068023
409,1600938564082407,4,5,1,2:4094353:737.0,816.0,923.0,107.0,737.0,923.0,186.0,True,False,True,3,2,True,NEW_CANDIDATE_NEAREST,2,3,2,True,DIRECT_NEW_FULL,2,1.0,0.7598162157544748,0.5752688172043011,0.6111603017759801,,,1.0,0.76097426469741
409,1600938564215729,3,4,1,2:4094353:767.0,806.0,856.0,50.0,767.0,856.0,89.0,True,False,True,3,2,True,NEW_CANDIDATE_NEAREST,2,3,2,True,DIRECT_NEW_FULL,2,1.0,0.7331013095422044,0.5617977528089888,0.5797305230253504,,,1.0,0.729629140441709
409,1600938564282389,3,4,1,2:4094353:769.0,811.0,855.0,44.0,769.0,855.0,86.0,True,False,True,3,2,True,NEW_CANDIDATE_NEAREST,2,3,2,True,DIRECT_NEW_FULL,2,1.0,0.7597619089612314,0.5116279069767442,0.588831676403092,,,1.0,0.7323095356843458
409,1600938564349050,3,4,1,2:4094353:763.0,810.0,850.0,40.0,763.0,850.0,87.0,True,False,True,3,2,True,NEW_CANDIDATE_NEAREST,2,3,2,True,DIRECT_NEW_FULL,2,1.0,0.7506425046874255,0.45977011494252873,0.5615620449173107,,,1.0,0.725476684583915
409,1600938564415711,3,4,1,2:4094353:758.0,813.0,859.0,46.0,758.0,859.0,101.0,True,False,True,3,2,True,NEW_CANDIDATE_NEAREST,2,3,2,True,DIRECT_NEW_FULL,2,1.0,0.7640308925746093,0.45544554455445546,0.5734368331686688,,,1.0,0.7271524142579622
409,1600938564482371,3,4,1,3:4094353:760.0,808.0,850.0,42.0,760.0,850.0,90.0,True,False,True,2,3,True,NEW_CANDIDATE_NEAREST,3,2,3,True,DIRECT_NEW_FULL,3,1.0,0.761366671789881,0.4666666666666667,0.5747000051232145,,,1.0,0.7474838205512967
409,1600938564549031,3,4,1,2:4094353:755.0,813.0,854.0,41.0,755.0,854.0,99.0,True,False,True,3,2,True,NEW_CANDIDATE_NEAREST,2,3,2,True,DIRECT_NEW_FULL,2,1.0,0.7441399606659784,0.41414141414141414,0.5390894556154733,,,1.0,0.72219442870875
409,1600938564615692,3,4,1,2:4094353:871.0,813.0,857.0,44.0,813.0,871.0,58.0,False,True,True,3,3,False,NEAREST_UNCHANGED,,3,3,False,FULL_UNCHANGED,,1.0,0.7402285975744904,1.0,0.7402285975744904,1.0,0.7402285975744904,1.0,0.7402285975744904
409,1600938564682353,3,4,1,2:4094353:863.0,804.0,854.0,50.0,804.0,863.0,59.0,False,True,True,3,3,False,NEAREST_UNCHANGED,,3,3,False,FULL_UNCHANGED,,1.0,0.7372449695526714,1.0,0.7372449695526714,1.0,0.7372449695526714,1.0,0.7372449695526714
409,1600938564749013,3,4,1,2:4094353:862.0,815.0,850.0,35.0,815.0,862.0,47.0,False,True,True,3,3,False,NEAREST_UNCHANGED,,3,3,False,FULL_UNCHANGED,,1.0,0.7522288279956191,1.0,0.7522288279956191,1.0,0.7522288279956191,1.0,0.7522288279956191
409,1600938564815674,3,4,1,2:4094353:877.0,813.0,857.0,44.0,813.0,877.0,64.0,False,True,True,3,3,False,NEAREST_UNCHANGED,,3,3,False,FULL_UNCHANGED,,1.0,0.7321415128862191,1.0,0.7321415128862191,1.0,0.7321415128862191,1.0,0.7321415128862191
409,1600938564882336,3,4,1,1:4094353:877.0,812.0,846.0,34.0,812.0,877.0,65.0,False,True,True,3,3,False,NEAREST_UNCHANGED,,3,3,False,FULL_UNCHANGED,,1.0,0.7384164716616256,1.0,0.7384164716616256,1.0,0.7384164716616256,1.0,0.7384164716616256
409,1600938564948996,5,6,1,1:4094353:862.0,813.0,918.0,105.0,813.0,918.0,105.0,False,False,False,3,3,False,NEAREST_UNCHANGED,,3,3,False,FULL_UNCHANGED,,1.0,0.7324809129088338,1.0,0.7324809129088338,1.0,0.7324809129088338,1.0,0.7324809129088338
