sequence_id,frame_id,n_candidates,old_nearest_id,old_nearest_depth,new_nearest_id,new_nearest_depth,old_full_id,new_full_id,old_new_nearest_diff,new_nearest_full_diff
400,1600938533486674,2,1,824.0,1,824.0,1,1,0,0
400,1600938533553308,2,1,826.0,1,824.0,1,1,0,0
400,1600938533619944,2,0,821.0,0,819.0,0,0,0,0
400,1600938533686583,2,0,832.0,0,819.0,0,0,0,0
400,1600938533753222,2,0,811.0,0,821.0,0,0,0,0
400,1600938533819859,3,0,813.0,0,810.0,0,0,0,0
400,1600938533886497,4,0,802.0,0,809.0,0,0,0,0
400,1600938533953135,4,0,763.0,0,814.0,0,0,0,0
400,1600938534019771,4,1,796.0,1,813.0,1,1,0,0
400,1600938534086408,4,2,802.0,2,813.0,2,2,0,0
400,1600938534153045,4,0,792.0,3,813.0,0,0,1,1
400,1600938534219681,4,0,791.0,0,811.0,0,0,0,0
400,1600938534286316,4,2,797.0,1,811.0,2,1,1,0
400,1600938534352951,4,1,794.0,2,815.0,1,1,1,1
400,1600938534419587,4,1,796.0,1,811.0,1,1,0,0
400,1600938534486220,4,1,794.0,1,811.0,1,1,0,0
400,1600938534552855,4,1,795.0,1,811.0,1,1,0,0
400,1600938534619491,4,0,766.0,0,811.0,0,1,0,1
400,1600938534686129,4,0,794.0,1,813.0,0,1,1,0
400,1600938534752767,4,0,799.0,1,810.0,0,1,1,0
400,1600938534819405,4,1,804.0,1,806.0,1,1,0,0
400,1600938534886042,4,0,818.0,2,811.0,2,2,1,0
400,1600938534952679,4,0,771.0,1,813.0,0,1,1,0
400,1600938535019316,3,1,807.0,2,810.0,2,2,1,0
400,1600938535085951,4,0,810.0,1,810.0,0,1,1,0
400,1600938535152588,4,1,804.0,1,806.0,1,1,0,0
401,1600938536751851,9,5,699.0,5,775.0,5,0,0,1
401,1600938536818488,9,6,711.0,8,777.0,6,1,1,1
401,1600938536885126,9,7,731.0,7,776.0,7,0,0,1
401,1600938536951764,11,5,743.5,5,761.0,1,1,0,1
401,1600938537018400,11,8,744.0,8,759.0,6,2,0,1
401,1600938537085037,10,10,760.0,10,760.0,6,1,0,1
401,1600938537151673,10,10,739.0,11,749.0,2,2,1,1
401,1600938537218310,8,7,775.0,4,808.0,4,4,1,0
401,1600938537284944,9,6,771.0,2,812.0,2,2,1,0
401,1600938537351580,9,0,791.0,2,806.0,0,2,1,0
401,1600938537418215,9,4,791.0,5,819.0,4,5,1,0
401,1600938537484849,9,5,815.0,6,816.0,2,6,1,0
401,1600938537551483,9,7,701.0,7,713.0,5,0,0,1
401,1600938537618118,8,7,701.0,7,699.5,4,1,0,1
401,1600938537684754,8,6,711.0,6,708.0,1,1,0,1
401,1600938537751390,7,4,762.0,1,833.0,4,1,1,0
401,1600938537818025,6,1,838.0,1,833.0,1,1,0,0
401,1600938537884660,7,8,706.0,0,817.0,0,0,1,0
401,1600938537951295,9,6,684.0,6,803.0,6,1,0,1
401,1600938538017929,8,5,794.0,2,822.0,5,2,1,0
401,1600938538084562,9,5,788.0,6,833.0,5,1,1,1
401,1600938538151196,10,5,777.0,6,825.0,5,2,1,1
401,1600938538217830,10,6,797.0,1,826.0,6,1,1,0
401,1600938538284461,12,0,795.0,0,809.0,6,0,0,0
401,1600938538351094,12,8,792.0,7,825.0,8,7,1,0
401,1600938538417726,12,7,802.0,0,830.0,7,0,1,0
401,1600938538484357,12,8,788.0,1,826.0,8,1,1,0
401,1600938538550987,11,7,788.0,7,790.0,7,7,0,0
401,1600938538617621,12,5,795.0,5,799.0,5,5,0,0
401,1600938538684260,12,6,790.0,6,796.0,6,6,0,0
401,1600938538750897,12,5,808.0,0,829.0,5,5,1,1
401,1600938538817535,12,9,799.0,1,831.0,3,1,1,0
401,1600938538884172,12,9,778.0,5,808.0,5,5,1,0
401,1600938538950808,12,4,789.0,4,793.0,4,4,0,0
401,1600938539017445,13,7,786.0,7,792.0,7,7,0,0
402,1600938539084082,13,10,781.0,6,793.0,6,6,1,0
402,1600938539150716,12,10,772.0,6,783.0,6,6,1,0
402,1600938539217352,11,5,786.0,5,789.0,5,5,0,0
402,1600938539283987,12,11,756.0,5,814.0,1,1,1,1
402,1600938539350621,11,11,774.0,5,784.0,5,5,1,0
402,1600938539417256,12,13,786.0,3,803.0,1,3,1,0
402,1600938539483890,11,10,779.0,9,792.0,9,9,1,0
402,1600938539550524,10,7,799.0,7,783.0,7,7,0,0
402,1600938539617158,11,7,776.0,7,779.0,7,7,0,0
402,1600938539683797,10,6,788.0,6,784.0,6,6,0,0
402,1600938539750435,11,5,782.0,5,780.0,5,5,0,0
402,1600938539817073,11,5,783.0,5,783.0,5,5,0,0
402,1600938539883711,11,5,786.0,5,786.0,2,2,0,1
402,1600938539950348,11,4,804.0,4,808.0,1,1,0,1
402,1600938540016985,11,3,791.0,3,812.0,0,0,0,1
402,1600938540083622,10,3,806.0,3,825.0,3,0,0,1
402,1600938540150258,9,3,776.0,3,806.0,3,0,0,1
402,1600938540216893,9,8,783.0,8,810.0,0,0,0,1
402,1600938540283529,10,8,763.0,8,801.0,0,0,0,1
402,1600938540350165,10,10,784.5,10,801.5,0,0,0,1
402,1600938540416799,10,0,813.0,5,806.0,0,0,1,1
402,1600938540483433,7,0,801.0,0,819.0,0,0,0,0
402,1600938540550068,9,4,755.0,0,832.0,0,0,1,0
402,1600938540616703,7,4,749.0,4,813.0,4,0,0,1
402,1600938540683342,6,4,747.0,4,815.0,4,0,0,1
402,1600938540749981,5,3,755.0,3,821.0,3,0,0,1
402,1600938540816619,7,3,794.0,3,819.0,0,0,0,1
402,1600938540883257,7,0,843.0,0,835.0,0,0,0,0
402,1600938540949895,8,5,739.0,5,802.0,0,0,0,1
403,1600938541416349,9,1,776.0,1,819.0,1,0,0,1
403,1600938541482983,9,2,785.5,2,804.0,2,0,0,1
403,1600938541549618,10,6,802.0,6,826.0,6,0,0,1
403,1600938541616279,9,6,801.0,0,828.0,0,0,1,0
403,1600938541683041,10,1,809.0,1,826.0,1,1,0,0
403,1600938541749804,10,7,802.0,7,838.0,0,0,0,1
403,1600938541816571,10,11,765.0,6,832.0,0,0,1,1
403,1600938541883340,10,1,811.0,1,829.0,1,1,0,0
403,1600938541950112,11,6,825.0,6,833.0,6,6,0,0
403,1600938542016887,10,0,829.0,6,831.0,6,6,1,0
403,1600938542083666,11,11,706.0,11,727.0,8,8,0,1
403,1600938542150446,9,10,744.0,10,748.0,4,4,0,1
403,1600938542217230,10,6,716.0,6,704.0,6,6,0,0
403,1600938542284016,8,3,846.0,3,847.0,3,3,0,0
403,1600938542350805,7,3,814.0,3,834.0,4,4,0,1
403,1600938542417597,7,6,897.0,0,914.0,0,0,1,0
403,1600938542484392,8,5,833.0,5,820.0,5,5,0,0
403,1600938542551189,8,5,849.0,5,848.0,5,5,0,0
403,1600938542617959,8,7,850.0,5,825.0,5,5,1,0
403,1600938542684620,7,6,869.0,6,843.0,6,6,0,0
403,1600938542751279,5,0,911.0,0,914.0,0,0,0,0
403,1600938542817939,5,0,910.0,0,913.0,0,0,0,0
403,1600938542884599,5,0,891.0,0,914.0,0,0,0,0
403,1600938542951259,5,0,906.0,0,909.0,0,0,0,0
403,1600938543017919,6,1,905.0,1,915.0,1,1,0,0
403,1600938543084579,6,1,906.0,1,918.0,1,1,0,0
403,1600938543151239,5,0,920.0,0,915.0,0,0,0,0
403,1600938543217898,5,0,905.0,0,910.0,0,0,0,0
403,1600938543284559,5,0,923.0,0,919.0,0,0,0,0
403,1600938543351219,5,1,910.0,1,918.0,1,1,0,0
403,1600938543417878,5,0,924.0,0,925.0,0,0,0,0
403,1600938543484538,5,0,904.0,0,913.0,0,0,0,0
403,1600938543551199,7,5,848.0,5,847.0,5,5,0,0
403,1600938543617858,7,3,829.0,3,841.0,3,3,0,0
403,1600938543684518,7,1,837.0,1,829.0,1,1,0,0
403,1600938543751179,8,7,717.0,7,707.0,7,7,0,0
403,1600938543817839,8,7,694.0,7,727.0,7,7,0,0
403,1600938543884499,9,7,707.0,7,713.0,7,7,0,0
403,1600938543951159,9,7,721.0,7,732.0,7,7,0,0
403,1600938544017819,9,7,695.0,7,737.0,7,7,0,0
404,1600938544951051,8,0,793.0,0,796.0,0,0,0,0
404,1600938545017709,10,2,780.0,1,796.0,1,1,1,0
404,1600938545084367,9,0,777.0,0,794.0,0,0,0,0
404,1600938545151025,10,0,791.0,0,793.0,0,0,0,0
404,1600938545217683,9,0,787.0,0,791.0,0,0,0,0
404,1600938545284341,8,0,782.0,0,780.0,0,0,0,0
404,1600938545350999,9,3,776.0,0,799.0,0,0,1,0
404,1600938545417657,7,0,786.0,0,787.0,0,0,0,0
404,1600938545484315,6,0,785.0,0,800.0,0,0,0,0
404,1600938545550972,5,1,796.0,1,801.0,1,1,0,0
404,1600938545617631,6,0,796.0,0,799.0,0,0,0,0
404,1600938545684291,5,1,810.0,1,803.0,1,1,0,0
404,1600938545750951,5,4,720.0,1,802.0,1,1,1,0
404,1600938545817612,4,0,794.0,0,809.0,0,0,0,0
404,1600938545884272,4,0,782.0,0,789.0,0,0,0,0
404,1600938545950931,3,0,770.0,0,794.0,0,0,0,0
404,1600938546017592,3,0,789.0,0,797.0,0,0,0,0
404,1600938546084253,4,1,789.0,1,801.0,1,1,0,0
404,1600938546150912,3,1,801.0,1,808.0,1,1,0,0
404,1600938546217573,3,1,761.0,1,789.0,1,1,0,0
404,1600938546284234,4,0,785.0,0,804.0,0,0,0,0
404,1600938546350893,4,0,764.0,0,781.0,0,0,0,0
404,1600938546417554,4,0,767.0,0,780.0,0,0,0,0
404,1600938546484215,4,1,785.0,1,791.0,1,1,0,0
404,1600938546550876,4,0,782.0,0,798.0,0,0,0,0
404,1600938546617535,4,1,804.0,1,802.0,1,1,0,0
404,1600938546684195,5,1,767.0,1,797.0,1,1,0,0
404,1600938546750855,6,0,781.0,0,801.0,0,0,0,0
404,1600938546817514,6,0,789.0,0,797.0,0,0,0,0
404,1600938546884173,7,0,804.0,0,806.0,0,0,0,0
404,1600938546950833,8,0,782.0,0,797.0,0,0,0,0
404,1600938547017492,7,7,832.0,7,833.0,4,2,0,1
404,1600938547084151,5,1,862.0,4,863.0,1,4,1,0
404,1600938547150811,5,2,858.0,4,857.0,2,4,1,0
404,1600938547217470,5,0,855.0,3,863.0,0,0,1,1
405,1600938547284129,6,5,789.0,2,870.0,0,0,1,1
405,1600938547350789,6,0,844.0,3,864.0,0,0,1,1
405,1600938547417448,7,7,743.0,7,743.0,7,7,0,0
405,1600938547484107,7,6,745.0,6,744.0,6,6,0,0
405,1600938547550767,6,6,759.0,6,756.0,6,6,0,0
405,1600938547617427,7,6,751.0,6,751.0,6,6,0,0
405,1600938547684085,6,7,757.0,3,870.0,0,3,1,0
405,1600938547750744,7,5,753.0,5,759.0,5,5,0,0
405,1600938547817404,8,6,753.0,6,766.0,6,6,0,0
405,1600938547884062,7,5,757.0,5,859.0,5,0,0,1
405,1600938547950722,8,0,857.0,2,869.0,0,2,1,0
405,1600938548017382,8,0,866.0,2,877.0,0,0,1,1
405,1600938548084040,8,2,861.0,2,873.0,2,0,0,1
405,1600938548150699,8,6,863.0,6,878.0,2,0,0,1
405,1600938548217359,7,2,869.0,2,873.0,1,1,0,1
405,1600938548284017,8,3,869.0,0,874.0,0,0,1,0
405,1600938548350676,8,0,860.0,3,875.0,0,0,1,1
405,1600938548417336,7,3,875.0,0,877.0,1,0,1,0
405,1600938548483994,5,3,857.0,1,873.0,3,0,1,1
405,1600938548550654,6,1,857.0,2,869.0,1,2,1,0
405,1600938548617313,6,2,868.0,2,870.0,0,0,0,1
405,1600938548683973,6,3,858.0,0,868.0,0,0,1,0
405,1600938548750633,5,3,874.0,2,873.0,0,0,1,1
405,1600938548817294,6,3,859.0,3,868.0,0,0,0,1
405,1600938548883955,5,1,865.0,0,881.0,1,0,1,0
405,1600938548950614,6,3,852.0,3,873.0,1,0,0,1
405,1600938549017275,6,2,856.0,2,880.0,2,1,0,1
405,1600938549083935,6,0,850.0,2,873.0,0,0,1,1
405,1600938549150595,6,2,871.0,0,876.0,0,0,1,0
405,1600938549217256,6,3,872.0,3,874.0,3,0,0,1
405,1600938549283917,6,0,871.0,0,873.0,0,0,0,0
405,1600938549350576,6,0,873.0,0,873.0,0,0,0,0
405,1600938549417237,7,5,816.0,5,799.0,5,5,0,0
405,1600938549483898,7,5,763.0,5,768.0,5,5,0,0
405,1600938549550557,8,4,747.0,4,761.0,4,4,0,0
405,1600938549617218,8,3,735.0,3,751.0,3,3,0,0
405,1600938549683879,7,2,863.0,2,873.0,0,0,0,1
405,1600938549750538,7,1,760.0,1,754.0,1,1,0,0
405,1600938549817198,8,0,750.0,0,758.0,0,0,0,0
405,1600938549883859,8,0,744.0,0,750.0,0,0,0,0
406,1600938551350383,8,1,758.0,1,754.0,1,1,0,0
406,1600938551417043,7,5,685.0,1,761.0,1,1,1,0
406,1600938551483703,7,5,698.0,0,757.0,0,0,1,0
406,1600938551550363,8,6,682.0,0,750.0,0,0,1,0
406,1600938551617024,7,6,706.0,0,755.0,0,0,1,0
406,1600938551683679,6,0,747.0,0,751.0,0,0,0,0
406,1600938551750335,5,0,747.0,0,749.0,0,0,0,0
406,1600938551816991,6,0,762.0,0,755.0,0,0,0,0
406,1600938551883646,6,0,755.0,0,755.0,0,0,0,0
406,1600938551950302,7,5,710.0,5,745.0,0,0,0,1
406,1600938552016958,9,7,719.0,5,743.0,7,0,1,1
406,1600938552083612,8,1,731.5,1,749.0,1,1,0,0
406,1600938552150268,9,7,715.0,0,747.0,0,0,1,0
406,1600938552216924,11,1,741.0,1,747.0,0,0,0,1
406,1600938552283579,10,3,743.0,3,749.0,3,3,0,0
406,1600938552350234,12,0,733.0,3,744.0,0,3,1,0
406,1600938552416890,8,1,726.0,1,744.0,1,1,0,0
406,1600938552483544,10,2,734.0,0,748.0,1,1,1,1
406,1600938552550200,9,3,739.0,1,750.0,3,3,1,1
406,1600938552616855,10,0,734.0,1,752.0,0,2,1,1
406,1600938552683516,10,0,744.0,0,751.0,4,4,0,1
406,1600938552750176,12,0,743.0,0,748.0,1,1,0,1
406,1600938552816836,13,0,734.0,11,752.0,0,0,1,1
406,1600938552883497,11,2,734.0,0,748.0,2,2,1,1
406,1600938552950157,13,2,743.0,2,751.0,0,0,0,1
406,1600938553016818,12,2,713.0,0,749.0,2,2,1,1
406,1600938553083478,12,1,737.0,1,748.0,1,1,0,0
406,1600938553150138,11,0,729.0,0,743.0,0,1,0,1
406,1600938553216799,11,2,736.0,2,744.0,0,0,0,1
406,1600938553283460,10,6,726.0,0,741.0,0,0,1,0
406,1600938553350120,9,1,729.0,1,743.0,1,1,0,0
406,1600938553416781,8,0,732.0,0,744.0,1,1,0,1
406,1600938553483441,7,1,716.0,1,739.0,1,1,0,0
406,1600938553550101,8,1,736.0,1,740.0,1,1,0,0
406,1600938553616762,6,0,725.0,1,740.0,0,0,1,1
406,1600938553683422,7,0,716.0,1,733.0,1,1,1,0
406,1600938553750082,8,1,740.0,1,736.0,1,1,0,0
406,1600938553816741,7,0,723.0,5,735.0,0,0,1,1
406,1600938553883401,7,4,723.0,4,731.0,0,0,0,1
406,1600938553950060,5,4,718.0,4,731.0,0,0,0,1
407,1600938556483142,4,3,586.0,3,633.0,3,3,0,0
407,1600938556549802,6,5,580.0,5,662.0,5,5,0,0
407,1600938556616462,5,1,576.0,1,655.0,1,1,0,0
407,1600938556683124,5,1,576.0,4,671.0,1,4,1,0
407,1600938556749784,6,4,577.0,2,669.0,4,2,1,0
407,1600938556816445,6,1,576.0,4,677.0,1,4,1,0
407,1600938556883106,5,1,578.0,1,679.0,1,1,0,0
407,1600938556949767,6,1,584.0,1,671.0,1,5,0,1
407,1600938557016428,7,3,583.0,3,672.0,3,2,0,1
407,1600938557083089,6,1,581.0,1,674.0,1,4,0,1
407,1600938557149750,8,1,587.0,1,675.0,1,1,0,0
407,1600938557216411,8,3,581.0,6,681.0,3,6,1,0
407,1600938557283072,9,4,579.5,4,663.0,4,5,0,1
407,1600938557349733,8,4,578.0,4,670.0,4,3,0,1
407,1600938557416394,8,5,577.0,5,663.0,5,4,0,1
407,1600938557483056,9,6,589.0,6,668.0,3,3,0,1
407,1600938557549717,9,4,665.0,4,687.0,4,4,0,0
407,1600938557616378,9,3,663.0,3,683.0,3,3,0,0
407,1600938557683039,10,5,670.0,5,690.0,5,5,0,0
407,1600938557749700,10,6,673.0,12,680.0,6,6,1,1
407,1600938557816360,9,7,676.0,7,687.0,7,7,0,0
407,1600938557883021,11,7,669.0,11,676.0,7,7,1,1
407,1600938557949682,10,6,665.0,6,689.0,6,6,0,0
407,1600938558016342,11,7,672.0,7,687.0,7,7,0,0
407,1600938558083003,12,12,656.0,12,681.0,6,6,0,1
407,1600938558149664,12,4,671.0,7,687.0,4,4,1,1
407,1600938558216324,12,10,640.0,7,686.0,7,7,1,0
407,1600938558282985,11,6,669.0,7,685.0,6,7,1,0
407,1600938558349646,11,10,664.0,10,685.5,7,7,0,1
407,1600938558416306,8,7,674.0,7,691.0,7,7,0,0
407,1600938558482967,12,8,630.0,6,685.0,9,5,1,1
407,1600938558549628,11,7,620.0,8,682.0,8,8,1,0
407,1600938558616289,12,6,619.0,4,676.0,4,4,1,0
407,1600938558682949,10,7,618.0,7,676.0,5,5,0,1
407,1600938558749610,9,2,619.0,4,681.0,2,7,1,1
407,1600938558816270,10,2,620.0,6,671.0,4,6,1,0
407,1600938558882931,10,3,587.0,7,687.0,3,7,1,0
407,1600938558949592,6,8,692.0,8,694.0,8,8,0,0
407,1600938559016252,5,3,748.0,3,751.0,3,3,0,0
407,1600938559082912,5,3,729.0,3,755.0,3,3,0,0
408,1600938560549420,8,5,671.0,5,695.0,3,3,0,1
408,1600938560616079,7,9,641.0,6,711.0,5,5,1,1
408,1600938560682739,6,4,676.0,4,712.0,1,0,0,1
408,1600938560749397,6,9,677.0,5,704.0,0,0,1,1
408,1600938560816057,5,3,678.0,3,706.0,0,0,0,1
408,1600938560882717,4,4,673.0,2,693.0,2,2,1,0
408,1600938560949375,6,5,680.0,5,714.0,5,0,0,1
408,1600938561016034,5,1,668.0,1,695.0,1,1,0,0
408,1600938561082694,6,4,681.0,6,711.0,0,3,1,1
408,1600938561149352,5,6,669.0,6,684.0,0,0,0,1
408,1600938561216011,5,6,661.0,6,671.0,6,6,0,0
408,1600938561282671,5,5,661.0,5,659.0,5,5,0,0
408,1600938561349329,6,5,663.5,5,671.5,0,0,0,1
408,1600938561415988,6,5,664.5,5,665.0,5,5,0,0
408,1600938561482648,6,5,664.0,5,665.0,0,0,0,1
408,1600938561549306,5,4,712.0,4,735.0,4,0,0,1
408,1600938561615965,6,5,673.5,4,714.0,0,0,1,1
408,1600938561682626,6,6,677.0,4,742.0,6,2,1,1
408,1600938561749287,5,4,705.0,4,726.0,0,0,0,1
408,1600938561815947,6,4,698.0,5,704.0,4,2,1,1
408,1600938561882608,5,4,719.0,4,735.0,3,3,0,1
408,1600938561949268,5,5,719.0,5,735.0,0,0,0,1
408,1600938562015928,7,4,690.0,5,744.0,4,2,1,1
408,1600938562082589,5,7,718.0,7,726.0,7,2,0,1
408,1600938562149250,6,1,719.0,4,739.0,1,2,1,1
408,1600938562215910,7,6,715.0,6,746.0,0,0,0,1
408,1600938562282571,6,8,711.0,8,735.0,8,0,0,1
408,1600938562349232,6,5,719.0,5,744.0,5,0,0,1
408,1600938562415892,7,1,756.0,1,757.0,2,1,0,0
408,1600938562482553,6,1,760.0,1,761.0,3,3,0,1
408,1600938562549214,5,5,748.0,5,746.0,1,1,0,1
408,1600938562615874,6,1,766.0,1,762.0,1,1,0,0
408,1600938562682535,6,9,723.0,9,728.0,1,1,0,1
408,1600938562749196,7,4,745.0,4,737.0,4,4,0,0
408,1600938562815857,8,5,752.0,5,751.0,5,5,0,0
408,1600938562882516,8,1,760.0,1,763.0,1,1,0,0
408,1600938562949177,9,5,677.0,3,770.0,5,3,1,0
408,1600938563015838,7,8,759.0,8,764.0,3,3,0,1
408,1600938563082498,7,3,796.0,3,809.0,3,3,0,0
409,1600938563149159,9,3,808.0,3,813.0,3,3,0,0
409,1600938563215820,10,1,696.0,4,810.0,1,4,1,0
409,1600938563282480,10,4,793.0,4,809.0,4,4,0,0
409,1600938563349141,10,4,676.0,3,808.0,4,3,1,0
409,1600938563415802,9,3,690.0,6,811.0,3,6,1,0
409,1600938563482462,9,7,693.0,3,808.0,7,3,1,0
409,1600938563549123,10,3,689.0,5,809.0,3,5,1,0
409,1600938563615784,7,5,697.0,3,806.0,5,3,1,0
409,1600938563682444,8,4,706.0,5,805.0,4,5,1,0
409,1600938563749105,8,4,791.0,4,808.0,4,4,0,0
409,1600938563815766,4,4,810.0,4,813.0,4,4,0,0
409,1600938563882426,5,4,800.0,4,808.0,4,4,0,0
409,1600938563949086,5,4,802.0,4,809.0,4,4,0,0
409,1600938564015747,6,2,806.0,2,813.0,2,2,0,0
409,1600938564082407,4,3,801.0,3,816.0,3,3,0,0
409,1600938564149068,4,3,732.0,3,737.0,3,3,0,0
409,1600938564215729,3,3,801.0,3,806.0,3,3,0,0
409,1600938564282389,3,3,797.0,3,811.0,3,3,0,0
409,1600938564349050,3,3,808.0,3,810.0,3,3,0,0
409,1600938564415711,3,3,801.0,3,813.0,3,3,0,0
409,1600938564482371,3,2,803.0,2,808.0,2,2,0,0
409,1600938564549031,3,3,783.0,3,813.0,3,3,0,0
409,1600938564615692,3,3,805.0,3,813.0,3,3,0,0
409,1600938564682353,3,3,801.0,3,804.0,3,3,0,0
409,1600938564749013,3,3,806.0,3,815.0,3,3,0,0
409,1600938564815674,3,3,798.0,3,813.0,3,3,0,0
409,1600938564882336,3,3,806.0,3,812.0,3,3,0,0
409,1600938564948996,5,3,791.0,3,813.0,3,3,0,0
409,1600938565015657,5,1,796.0,1,806.0,1,1,0,0
409,1600938565082318,6,3,805.0,3,815.0,3,3,0,0
409,1600938565148978,6,3,817.0,3,815.0,3,3,0,0
409,1600938565215639,5,3,804.0,3,811.0,3,3,0,0
409,1600938565282301,5,1,786.0,1,810.0,1,1,0,0
409,1600938565348961,5,0,808.0,0,813.0,0,0,0,0
409,1600938565415622,5,0,801.0,0,809.0,0,0,0,0
409,1600938565482283,5,2,812.0,2,809.0,2,2,0,0
409,1600938565548945,5,1,801.0,1,811.0,1,1,0,0
409,1600938565615605,5,2,803.0,2,813.0,2,2,0,0
409,1600938565682263,5,1,806.0,1,811.0,1,1,0,0
409,1600938565748920,5,1,802.0,1,809.0,1,1,0,0
