sequence_id,frame_id,candidate_count,full_prediction_id,full_gt_id,full_mask_depth,nearest_min_mask_depth,nearest_set_size,nearest_set_ids,full_visibility,nearest_set_max_visibility,full_confidence,nearest_set_max_confidence,full_center_score,nearest_set_max_center_score,delta_depth_mm,delta_visibility,delta_confidence,delta_center
400,1600938534153045,4,0,4004656,819.0,813.0,1,3,0.8419838290225252,0.6519742689767403,0.90790319,0.84397089,0.19779919077855687,0.18668387039676163,6.0,0.19000956004578495,0.06393229999999994,0.011115320381795246
400,1600938534352951,4,1,4004656,817.0,815.0,1,2,0.7836769754276411,0.6941891477747149,0.890257,0.85322702,0.20943690025575204,0.19737226950513662,2.0,0.08948782765292629,0.03702998000000002,0.012064630750615424
401,1600938536751851,9,0,4013454,810.0,775.0,1,5,0.801276862397354,0.5028944063076365,0.90312529,0.83548063,0.22566927223257235,0.1751750031717214,35.0,0.2983824560897175,0.06764466000000002,0.050494269060850944
401,1600938536818488,9,1,4013454,813.0,777.0,1,8,0.7832233119649613,0.5018217012573383,0.89501035,0.73763698,0.22084249733003633,0.22957089437197412,36.0,0.28140161070762304,0.15737336999999996,-0.008728397041937785
401,1600938536885126,9,0,4013454,813.0,776.0,1,7,0.8142979162155963,0.46888770987427236,0.90493149,0.83154708,0.2160880024323522,0.17096996728872776,37.0,0.34541020634132397,0.07338440999999996,0.045118035143624446
401,1600938536951764,11,1,4013454,808.0,761.0,1,5,0.8137863784603145,0.4376867345498094,0.89328492,0.83440572,0.21135223315764629,0.16970947899953895,47.0,0.37609964391050515,0.05887920000000002,0.04164275415810734
401,1600938537018400,11,2,4013454,813.0,759.0,1,8,0.7740130159048035,0.4091694167253578,0.89234304,0.76014745,0.20686933222288217,0.1680734987067886,54.0,0.36484359917944575,0.13219559000000003,0.038795833516093586
401,1600938537085037,10,1,4013454,819.0,760.0,1,10,0.7872071506930097,0.45911212881886876,0.8952502,0.62036109,0.20255620865410198,0.1653478520509945,59.0,0.32809502187414097,0.27488911000000005,0.03720835660310748
401,1600938537151673,10,2,4013454,815.0,749.0,1,11,0.8247161990070959,0.35138617110007114,0.88801211,0.31900245,0.19941297872239236,0.16541120182982322,66.0,0.4733300279070248,0.5690096600000001,0.03400177689256914
401,1600938537551483,9,0,4013472,827.0,713.0,1,7,0.7659013346202238,0.2818684186104272,0.90539563,0.43620101,0.19396555061696863,0.16750780870218748,114.0,0.4840329160097966,0.46919462,0.026457741914781147
401,1600938537618118,8,1,4013472,829.0,699.5,1,7,0.7594320668956951,0.35826783134129997,0.8925392,0.50893712,0.19750045631996332,0.1678947496195496,129.5,0.4011642355543951,0.38360207999999996,0.029605706700413736
401,1600938537684754,9,1,4013472,813.0,708.0,1,6,0.7606574572400381,0.18624583557705096,0.89403206,0.71538788,0.200253663216096,0.17279967037057228,105.0,0.5744116216629871,0.17864418000000004,0.027453992845523717
401,1600938537951295,9,1,4013472,819.0,803.0,1,6,0.7626231383702531,0.47506502581241905,0.89358395,0.74575043,0.21287075853796633,0.17747095716048866,16.0,0.28755811255783403,0.14783352000000005,0.03539980137747767
401,1600938538084562,9,1,4013472,840.0,833.0,1,6,0.8214581628642231,0.70361455107356,0.90121931,0.71822548,0.21950514379814148,0.18055503383942173,7.0,0.11784361179066316,0.18299383000000002,0.03895010995871975
401,1600938538151196,10,2,4013472,838.0,825.0,1,6,0.8047676963090742,0.7271935269671942,0.89596373,0.74860293,0.2218847269437324,0.18147010228793642,13.0,0.07757416934188,0.14736079999999996,0.04041462465579598
401,1600938538750897,12,5,4013449,830.0,829.0,1,0,0.8043904899787996,0.7793353023454348,0.87570357,0.91307825,0.48907755412681975,0.2492371782769426,1.0,0.025055187633364784,-0.03737467999999999,0.23984037584987714
402,1600938539283987,12,1,4024742,827.0,814.0,1,5,0.7893524623532377,0.6321017829089,0.91606522,0.87212014,0.3419150490862515,0.35673790129026123,13.0,0.1572506794443378,0.04394507999999997,-0.014822852204009751
402,1600938539883711,11,2,4024742,823.0,786.0,1,5,0.7634013642199883,0.5575562635824816,0.90804631,0.85254925,0.5882683792807865,0.2590181100602452,37.0,0.20584510063750672,0.05549705999999999,0.32925026922054124
402,1600938539950348,11,1,4024742,821.0,808.0,1,4,0.7660128483530367,0.5562180503147883,0.91369665,0.87193739,0.6352068749015809,0.25057060878825,13.0,0.2097947980382484,0.041759259999999965,0.3846362661133309
402,1600938540016985,11,0,4024742,829.0,812.0,1,3,0.7626372594885529,0.5610166775017192,0.9197191,0.875745,0.6961513946294616,0.24361130919042961,17.0,0.20162058198683364,0.043974100000000016,0.452540085439032
402,1600938540083622,10,0,4024742,829.0,825.0,1,3,0.7544355642338346,0.5670114834420225,0.91040963,0.88080955,0.7569639791747708,0.23715999323286036,4.0,0.18742408079181216,0.029600079999999918,0.5198039859419104
402,1600938540150258,9,0,4024742,825.0,806.0,1,3,0.7762051020705173,0.603159971998336,0.91458148,0.87820756,0.8185218992912469,0.2332633512273675,19.0,0.17304513007218125,0.03637391999999995,0.5852585480638793
402,1600938540216893,9,0,4024742,832.0,810.0,1,8,0.7514587298778035,0.20410776557689933,0.91393352,0.6322757,0.8369145250270238,0.37308072183825197,22.0,0.5473509643009041,0.28165782000000006,0.4638338031887718
402,1600938540283529,10,0,4024742,821.0,801.0,1,8,0.7416214882457483,0.3005822840439406,0.91817081,0.74753678,0.8051336045820013,0.37675014252125594,20.0,0.44103920420180764,0.17063403,0.4283834620607454
402,1600938540350165,10,0,4024742,825.0,801.5,1,10,0.7693711764857748,0.2782125709650359,0.92305797,0.55381858,0.740191538830497,0.3723747775250745,23.5,0.4911586055207389,0.36923939000000006,0.36781676130542257
402,1600938540416799,10,0,4024742,827.0,806.0,1,5,0.7557943902568772,0.32092612045151986,0.91892034,0.76132542,0.6838372418668116,0.3716730818180164,21.0,0.43486826980535737,0.15759491999999997,0.3121641600487952
402,1600938540616703,7,0,4024742,833.0,813.0,1,4,0.7598811161785417,0.3948046002241334,0.91600531,0.78354549,0.5374659660767558,0.3535223798864554,20.0,0.3650765159544083,0.13245982,0.18394358619030038
402,1600938540683342,6,0,4024742,825.0,815.0,1,4,0.7593499332088677,0.39495042627109384,0.92033434,0.79725009,0.4985691711305312,0.3480589820205504,10.0,0.36439950693777384,0.12308425,0.15051018910998076
402,1600938540749981,5,0,4024742,828.0,821.0,1,3,0.7860200539642348,0.4116059207293689,0.90530515,0.80740762,0.4687908494835812,0.3402062315108021,7.0,0.3744141332348659,0.09789753000000001,0.1285846179727791
402,1600938540816619,7,0,4024742,831.0,819.0,1,3,0.7705004973715818,0.38767260697989964,0.92096907,0.83825505,0.44373804594662686,0.32467660100007023,12.0,0.38282789039168214,0.08271401999999994,0.11906144494655663
402,1600938540949895,8,0,4024742,824.0,802.0,1,5,0.7859763237857426,0.45510105714531246,0.92005712,0.81098169,0.3999001404839155,0.31265209076511996,22.0,0.3308752666404301,0.10907542999999997,0.08724804971879552
403,1600938541416349,9,0,4035125,840.0,819.0,1,1,0.7907805797608698,0.6033259713710791,0.92761326,0.89679605,0.28457743226706333,0.25488294703461956,21.0,0.18745460838979067,0.03081721000000004,0.02969448523244378
403,1600938541482983,9,0,4035125,831.0,804.0,1,2,0.7838565242545112,0.59642312184598,0.92500198,0.89191258,0.2736922880803303,0.24736270001015465,27.0,0.18743340240853124,0.03308940000000005,0.026329588070175658
403,1600938541549618,10,0,4035125,829.0,826.0,1,6,0.7722917734310817,0.6055554622640107,0.92192322,0.87416553,0.262498969565793,0.24055156113313256,3.0,0.166736311167071,0.047757690000000075,0.021947408432660437
403,1600938541749804,10,0,4035125,840.0,838.0,1,7,0.8338811710542361,0.5625037798151185,0.92270982,0.85390431,0.2407334189988176,0.2200971061206096,2.0,0.27137739123911764,0.06880551000000001,0.020636312878207996
403,1600938541816571,10,0,4035125,835.0,832.0,1,6,0.8352132231940296,0.7221004241320036,0.92160034,0.86646479,0.2368359566234755,0.21569989091905303,3.0,0.11311279906202598,0.05513555000000003,0.021136065704422474
403,1600938542083666,11,8,4035125,824.0,727.0,1,11,0.9027042992255818,0.5279713918639886,0.65819311,0.52477455,0.22220178793109727,0.1438162476290817,97.0,0.37473290736159326,0.13341856000000007,0.07838554030201556
403,1600938542150446,9,4,4035128,854.0,748.0,1,10,0.5502273258288416,0.38145271531813774,0.88584787,0.43876687,0.27776599700944277,0.1452205417605212,106.0,0.16877461051070386,0.447081,0.13254545524892156
403,1600938542350805,7,4,4035143,948.0,834.0,1,3,0.9005988064044879,0.5582910508951643,0.86989808,0.87403101,0.2641380969241975,0.24867490093823985,114.0,0.3423077555093236,-0.004132930000000035,0.015463195985957634
404,1600938547017492,7,2,4044713,849.0,833.0,1,7,0.7639391401575806,0.5616781018691289,0.86831158,0.62231183,0.19783105796060768,0.20518651959936185,16.0,0.20226103828845166,0.24599974999999996,-0.007355461638754168
404,1600938547217470,5,0,4044717,866.0,863.0,1,3,0.8941194755772169,0.742416789197107,0.92477041,0.87880874,0.23161722864448772,0.21173183677622096,3.0,0.15170268638010997,0.045961670000000066,0.019885391868266766
405,1600938547284129,6,0,4054958,876.0,870.0,1,2,0.8659969141204645,0.7545757913472348,0.93489188,0.88901275,0.2351748234683143,0.2164878463004686,6.0,0.11142112277322969,0.04587912999999999,0.018686977167845703
405,1600938547350789,6,0,4054958,866.0,864.0,1,3,0.8451387507392507,0.7552514886345938,0.92455471,0.87699801,0.24150597415706312,0.22076173023250423,2.0,0.08988726210465692,0.04755670000000001,0.020744243924558897
405,1600938547884062,7,0,4054958,873.0,859.0,1,5,0.8526394820050426,0.46214131639656136,0.93274122,0.74001676,0.3274359796454041,0.22445835165336778,14.0,0.3904981656084812,0.19272446,0.10297762799203633
405,1600938548017382,8,0,4054958,881.0,877.0,1,2,0.8347487733406193,0.8071787277553626,0.92039144,0.90686613,0.3566333175119897,0.2669023439145837,4.0,0.027570045585256664,0.013525309999999902,0.089730973597406
405,1600938548084040,8,0,4054958,879.0,873.0,1,2,0.8451680313652731,0.7715010305633843,0.92114788,0.90560275,0.3729059157430644,0.22048903756769905,6.0,0.07366700080188882,0.015545130000000018,0.15241687817536537
405,1600938548150699,8,0,4054958,886.0,878.0,1,6,0.815622706729562,0.4472880601899722,0.92557508,0.78084207,0.3916948051033796,0.20824007208497294,8.0,0.36833464653958986,0.14473300999999994,0.18345473301840667
405,1600938548217359,7,1,4054958,880.0,873.0,1,2,0.8637518218908101,0.7876117136500499,0.92234319,0.91008061,0.4094330215527924,0.2234039529342505,7.0,0.07614010824076023,0.012262580000000023,0.18602906861854188
405,1600938548350676,8,0,4054958,877.0,875.0,1,3,0.7989480826557336,0.7852986097061152,0.91572833,0.88188398,0.45040168545029363,0.277613669255955,2.0,0.01364947294961838,0.03384434999999997,0.17278801619433865
405,1600938548483994,5,0,4054958,880.0,873.0,2,1;3,0.8435125997284932,0.7764862612093842,0.9285543,0.91389185,0.4961572489213091,0.27748876915680915,7.0,0.067026338519109,0.014662450000000105,0.21866847976449993
405,1600938548617313,6,0,4054958,880.0,870.0,1,2,0.8415620112693105,0.775433888225798,0.92745715,0.90972966,0.5351277387733918,0.22515739566082033,10.0,0.06612812304351257,0.017727489999999957,0.3099703431125715
405,1600938548750633,5,0,4054958,877.0,873.0,1,2,0.8231189283644453,0.7711914458524043,0.93466896,0.88431841,0.5643622947389982,0.2733739831025316,4.0,0.051927482512041045,0.050350549999999994,0.29098831163646666
405,1600938548817294,6,0,4054958,875.0,868.0,1,3,0.8381537060583648,0.7896799094467157,0.9288466,0.87895888,0.5707955824342058,0.2246385621554321,7.0,0.04847379661164908,0.04988771999999997,0.3461570202787737
405,1600938548950614,6,0,4054958,879.0,873.0,1,3,0.8440243251863557,0.7735833556906939,0.92325753,0.90139014,0.5445554458555047,0.2191251870154647,6.0,0.07044096949566181,0.021867390000000042,0.32543025884004007
405,1600938549017275,6,1,4054958,882.0,880.0,1,2,0.7704659722341284,0.7695853144651952,0.91619551,0.91367966,0.531798647083465,0.25902310782954224,2.0,0.0008806577689332018,0.002515849999999986,0.2727755392539228
405,1600938549083935,6,0,4054958,876.0,873.0,1,2,0.8622615383329876,0.7819342729609683,0.93821126,0.90136063,0.5069521540257761,0.25327476473062466,3.0,0.08032726537201929,0.036850629999999995,0.25367738929515143
405,1600938549217256,6,0,4054958,881.0,874.0,1,3,0.8472612596377042,0.7796841226139807,0.93659806,0.89262086,0.46573870564326797,0.24500859161170266,7.0,0.06757713702372348,0.04397720000000005,0.2207301140315653
405,1600938549683879,8,0,4054958,877.0,762.0,1,1,0.836388057069437,0.8532123138066257,0.93022591,0.91729891,0.3382167725877817,0.19466741465877144,115.0,-0.01682425673718868,0.012927000000000022,0.14354935792901027
406,1600938551950302,7,0,4062840,757.0,745.0,1,5,0.8619225266227015,0.7626797047115443,0.90769178,0.77807683,0.2390847970549206,0.22399334005227006,12.0,0.09924282191115719,0.1296149499999999,0.015091457002650549
406,1600938552016958,9,0,4062840,748.0,743.0,1,5,0.8463346288147606,0.8435054788396431,0.9129765,0.85949868,0.23198754499037968,0.21523368888647396,5.0,0.0028291499751175175,0.05347782000000001,0.01675385610390573
406,1600938552216924,11,0,4062851,749.0,747.0,1,1,0.8855061627031656,0.8383897216031838,0.91007805,0.90398526,0.24036411905742833,0.21604277885011855,2.0,0.04711644109998181,0.006092789999999959,0.024321340207309777
406,1600938552483544,10,1,4062840,751.0,748.0,1,0,0.9094061531767984,0.774373138837326,0.91805339,0.92995274,0.19804145952631916,0.2572665615438878,3.0,0.13503301433947246,-0.011899350000000086,-0.059225102017568615
406,1600938552550200,10,3,4062840,752.0,750.0,1,1,0.9452131697275304,0.8158924949711954,0.88905495,0.91352803,0.19649793444391453,0.28991852876738844,2.0,0.12932067475633502,-0.024473080000000036,-0.09342059432347391
406,1600938552683516,10,4,4062840,753.0,751.0,1,0,0.9171558774104659,0.7515323586517311,0.85755455,0.92158544,0.19271360943293436,0.2882917885872035,2.0,0.16562351875873482,-0.06403088999999995,-0.09557817915426914
406,1600938552750176,12,1,4062851,754.0,748.0,1,0,0.7985580574027431,0.7598657696876615,0.91756696,0.92353928,0.33567571757029996,0.29994716377157843,6.0,0.0386922877150816,-0.00597231999999992,0.03572855379872153
406,1600938552816836,13,0,4062851,753.0,752.0,1,11,0.8255560290233847,1.0,0.9180153,0.40608129,0.3537744835880368,0.190419646445912,1.0,-0.17444397097661535,0.51193401,0.16335483714212481
406,1600938552883497,11,2,4062851,750.0,748.0,1,0,0.8015402443710717,0.8000460564566536,0.91072124,0.92581511,0.37428373677981464,0.32229914684963007,2.0,0.0014941879144181325,-0.015093870000000065,0.051984589930184566
406,1600938552950157,13,0,4062851,754.0,751.0,1,2,0.8248145704056062,0.7408622805653841,0.91738099,0.90698737,0.3974865691986318,0.3370643546251749,3.0,0.08395228984022218,0.010393619999999992,0.06042221457345687
406,1600938553016818,12,2,4062851,750.0,749.0,1,0,0.829204988851495,0.7635988661877241,0.90638345,0.91413277,0.4241056123651176,0.3511956806212491,1.0,0.06560612266377086,-0.0077493200000000595,0.0729099317438685
406,1600938553150138,11,1,4062851,746.0,743.0,1,0,0.7747307853291822,0.7789607426641398,0.90656441,0.92067319,0.49037142039419235,0.3752473483494941,3.0,-0.004229957334957679,-0.014108780000000043,0.11512407204469827
406,1600938553216799,11,0,4062851,751.0,744.0,1,2,0.7791498625130447,0.7622711500981268,0.92069453,0.9155525,0.528136986339221,0.38944247787174996,7.0,0.016878712414917896,0.00514203000000002,0.13869450846747106
406,1600938553416781,8,1,4062851,751.0,744.0,1,0,0.7803203055712886,0.7977008486258943,0.91274154,0.93602008,0.7032721099895664,0.4183400231707591,7.0,-0.01738054305460568,-0.02327854000000007,0.2849320868188073
406,1600938553483441,8,0,4062851,747.0,739.0,1,1,0.7907081209687932,0.8240653681029678,0.92451143,0.92323446,0.783712987870262,0.42378624971278683,8.0,-0.03335724713417465,0.001276970000000044,0.35992673815747517
406,1600938553616762,7,0,4062851,742.0,740.0,1,1,0.7783675235637311,0.8423303664393899,0.9129464,0.90908116,0.8484426870310259,0.4235955951298734,2.0,-0.06396284287565879,0.003865239999999992,0.4248470919011525
406,1600938553816741,7,0,4062852,738.0,735.0,1,5,0.8446795963064042,0.7098826974106999,0.93708253,0.75068998,0.40344507342264535,0.5128435886051638,3.0,0.13479689889570434,0.18639255,-0.10939851518251842
406,1600938553883401,7,0,4062852,736.0,731.0,1,4,0.8437830883716763,0.6522342301501185,0.92395645,0.76860774,0.3931050867721548,0.4792476638137672,5.0,0.19154885822155776,0.15534871000000006,-0.08614257704161243
406,1600938553950060,5,0,4062852,737.0,731.0,1,4,0.8406930430823288,0.6659960810789144,0.9372831,0.56882727,0.3818167399346219,0.4498441128242268,6.0,0.17469696200341445,0.36845583000000004,-0.06802737288960492
407,1600938556949767,6,5,4074915,672.0,671.0,1,1,0.7080034285432906,0.43813129030018194,0.5978514,0.78712934,0.35884442009604695,0.3128598744525595,1.0,0.26987213824310863,-0.18927793999999998,0.04598454564348742
407,1600938557016428,7,2,4074915,676.0,672.0,1,3,0.4921889089924537,0.420814216429776,0.75311995,0.75080264,0.4059102199408392,0.3217255676453929,4.0,0.0713746925626777,0.002317310000000017,0.0841846522954463
407,1600938557083089,6,4,4074915,681.0,674.0,1,1,0.6562421800447876,0.4499635596644741,0.64790356,0.77111334,0.4314557140965708,0.32646412284379356,7.0,0.20627862038031353,-0.12320977999999994,0.10499159125277724
407,1600938557283072,9,5,4074915,681.0,663.0,1,4,0.5532569515707348,0.4732091251611064,0.71376759,0.77797502,0.5908295752481655,0.34230401751421113,18.0,0.08004782640962843,-0.06420742999999995,0.24852555773395435
407,1600938557349733,8,3,4074915,678.0,670.0,1,4,0.6273669642768449,0.5048585116261715,0.80543947,0.76737374,0.6228908220803232,0.3430596437414582,8.0,0.12250845265067345,0.03806573000000002,0.279831178338865
407,1600938557416394,8,4,4074915,687.0,663.0,1,5,0.5602340814956088,0.4821943275519286,0.76745099,0.71112555,0.6827656907770703,0.34181554452656837,24.0,0.07803975394368023,0.05632544000000006,0.3409501462505019
407,1600938557483056,9,3,4074915,688.0,668.0,1,6,0.5746373554640273,0.4803642807757683,0.83906978,0.64846289,0.7247897050629555,0.33955456530427897,20.0,0.09427307468825896,0.19060688999999997,0.3852351397586765
407,1600938557549717,10,4,4074915,687.0,664.0,1,7,0.5781999023473903,0.5203629198704104,0.81421727,0.67038494,0.7599434229820005,0.3317449314477446,23.0,0.05783698247697988,0.14383232999999995,0.4281984915342559
407,1600938557616378,10,3,4074915,683.0,668.0,1,8,0.5697815667209218,0.552811997084483,0.8538577,0.58625638,0.696310388775666,0.3261410575108055,15.0,0.016969569636438808,0.26760132000000003,0.37016933126486046
407,1600938557749700,11,6,4074915,691.0,680.0,1,12,0.6123957551130751,0.6127440908591818,0.83384794,0.34924072,0.5880541061135683,0.31269750050157374,11.0,-0.00034833574610670937,0.48460721999999995,0.2753566056119946
407,1600938557883021,11,7,4074915,687.0,676.0,1,11,0.6570613847520366,0.46312501009675755,0.82566714,0.31665787,0.5012254291333053,0.29923170922358966,11.0,0.19393637465527902,0.50900927,0.2019937199097156
407,1600938558083003,12,6,4074915,691.0,681.0,1,12,0.6943777130117748,0.4425725421750985,0.84299898,0.3487947,0.4035582740311339,0.27228922613901424,10.0,0.25180517083667625,0.49420427999999994,0.13126904789211968
407,1600938558149664,12,4,4074928,698.0,687.0,1,7,0.7840245574939042,0.6330987356861358,0.86132008,0.84432137,0.27260160361994157,0.3801309127670807,11.0,0.15092582180776837,0.016998710000000083,-0.10752930914713915
407,1600938558349646,12,7,4074915,687.0,685.5,1,10,0.6741934058167679,0.5642350448722182,0.76220655,0.47635037,0.3154250379965334,0.24756206319490462,1.5,0.1099583609445497,0.28585618,0.06786297480162876
407,1600938558416306,10,4,4074928,711.0,691.0,1,7,0.7859063516292859,0.7177850044327425,0.84579712,0.72901607,0.3343468931516599,0.29517583689636373,20.0,0.06812134719654339,0.11678104999999994,0.039171056255296155
407,1600938558482967,12,5,4074928,715.0,685.0,1,6,0.8134711366420048,0.6207631441648971,0.81440187,0.6786226,0.3582066901490892,0.2808033661504023,30.0,0.19270799247710768,0.13577927,0.07740332399868688
407,1600938558682949,11,5,4074935,686.0,676.0,1,7,0.6823000344372279,0.43097692634609563,0.8508634,0.82691711,0.19389683093821655,0.21147901842240116,10.0,0.25132310809113223,0.023946290000000037,-0.017582187484184608
407,1600938558749610,10,5,4074928,711.0,681.0,1,4,0.6903421905637684,0.5261313235720628,0.83059824,0.83423179,0.463025297441767,0.20953617619283396,30.0,0.16421086699170562,-0.0036335499999999854,0.2534891212489331
407,1600938558949592,9,4,4074928,717.0,694.0,1,8,0.6482100074053729,0.8018319825900851,0.86551797,0.51598597,0.5691228119258603,0.22582913963824588,23.0,-0.1536219751847122,0.34953199999999995,0.3432936722876144
408,1600938560549420,9,3,4083012,712.0,695.0,1,5,0.8426409633639613,0.5029521804137521,0.84015733,0.77507812,0.23615841075068286,0.1790665348465671,17.0,0.3396887829502092,0.06507921000000005,0.05709187590411577
408,1600938560616079,7,5,4083012,719.0,711.0,1,6,0.8064565959999208,0.5132396975917685,0.79948986,0.70032805,0.23221593814266162,0.18133968743884848,8.0,0.29321689840815235,0.09916181000000002,0.05087625070381313
408,1600938560682739,7,0,4083005,756.0,712.0,1,4,0.7591270251260481,0.48127828010234414,0.9229359,0.77722931,0.5272250481624561,0.18388488346576312,44.0,0.277848745023704,0.14570659000000008,0.34334016469669293
408,1600938560749397,7,0,4083005,757.0,704.0,1,5,0.766007743361789,0.5145603553764609,0.92889887,0.7366088,0.5501549090264628,0.18737207207172388,53.0,0.25144738798532806,0.1922900700000001,0.3627828369547389
408,1600938560816057,8,0,4083005,759.0,706.0,1,3,0.7575096281285348,0.4405610281598015,0.92126185,0.81022215,0.5720631492427944,0.18721825309076345,53.0,0.3169485999687333,0.11103970000000007,0.384844896152031
408,1600938560949375,8,0,4083005,759.0,704.0,1,8,0.7675243983839826,0.6503832171732651,0.92402697,0.38561186,0.5748727138810579,0.17629356854637257,55.0,0.11714118121071748,0.5384151100000001,0.3985791453346853
408,1600938561082694,7,3,4083022,723.0,711.0,1,6,0.7193253855636997,0.4077114427500816,0.83787507,0.70344144,0.1740857631303514,0.15223219649059602,12.0,0.31161394281361815,0.13443363000000008,0.02185356663975538
408,1600938561149352,6,0,4083005,762.0,684.0,1,6,0.7789357041248879,0.48637530193910866,0.92881215,0.66353267,0.5208893730919718,0.1530185473248757,78.0,0.2925604021857792,0.2652794799999999,0.3678708257670961
408,1600938561216011,6,0,4083005,764.0,671.0,1,6,0.7789118953303065,0.5823539367191721,0.91525614,0.63930094,0.4940762291653995,0.15393949629907933,93.0,0.19655795861113434,0.27595519999999996,0.3401367328663202
408,1600938561349329,6,0,4083005,765.0,671.5,1,5,0.7807995076204068,0.4800346542099597,0.91449112,0.77729356,0.44114956383463294,0.1555819797368161,93.5,0.3007648534104471,0.13719755999999994,0.28556758409781685
408,1600938561482648,6,0,4083005,762.0,665.0,1,5,0.7868709002792399,0.5100905593536574,0.90824902,0.68191981,0.39442472753199515,0.15749085415505626,97.0,0.27678034092558246,0.22632920999999995,0.23693387337693889
408,1600938561549306,6,0,4083005,768.0,735.0,1,4,0.7798503127212011,0.5311400887573857,0.93059421,0.82701021,0.37319328958375403,0.2018841736980414,33.0,0.24871022396381537,0.10358400000000001,0.17130911588571263
408,1600938561615965,6,0,4083005,763.0,714.0,1,4,0.7749404036710691,0.4933902024245229,0.91409659,0.83776325,0.35369520640334645,0.20064539857973265,49.0,0.2815502012465462,0.07633334000000003,0.1530498078236138
408,1600938561682626,6,2,4083013,749.0,742.0,1,4,0.794567621521195,0.47517464873896526,0.88552904,0.85506731,0.18255996579437467,0.1994927629291173,7.0,0.3193929727822297,0.030461729999999965,-0.016932797134742633
408,1600938561815947,7,2,4083013,750.0,694.0,1,7,0.7581231234670383,0.37353255344299485,0.89244378,0.323053,0.18097393126791209,0.1653628092195511,56.0,0.3845905700240434,0.56939078,0.015611122048360987
408,1600938561882608,7,3,4083013,748.0,693.0,1,10,0.7232930384662359,0.43990470810475923,0.87770587,0.45547298,0.1803435909458203,0.16591028507421926,55.0,0.2833883303614767,0.42223288999999997,0.014433305871601049
408,1600938561949268,6,0,4083005,761.0,735.0,1,5,0.7659953924331164,0.5618553652404952,0.92155397,0.82406855,0.2795235576747391,0.19260083720037555,26.0,0.20414002719262125,0.09748541999999993,0.08692272047436353
408,1600938562015928,7,2,4083013,754.0,744.0,1,5,0.7800931327188048,0.5663644539562925,0.88884115,0.82452542,0.17763710761697388,0.19038785545049816,10.0,0.21372867876251223,0.06431573000000002,-0.012750747833524284
408,1600938562082589,6,2,4083013,757.0,726.0,1,7,0.8124815796373412,0.6331206512143155,0.85624576,0.74062055,0.17725561081177338,0.18792643670433595,31.0,0.17936092842302576,0.11562520999999992,-0.010670825892562574
408,1600938562149250,6,2,4083013,758.0,739.0,1,4,0.7738463736368404,0.5999110797679039,0.86877334,0.82426518,0.17661898309279594,0.18631584271243998,19.0,0.17393529386893647,0.04450815999999991,-0.009696859619644033
408,1600938562215910,7,0,4083005,764.0,746.0,1,6,0.7661062272958672,0.6759217774284509,0.91898942,0.77594751,0.23978554041047218,0.18337959430244144,18.0,0.09018444986741625,0.14304191,0.056405946108030736
408,1600938562282571,6,0,4083005,767.0,735.0,1,8,0.8112352258652625,0.5948438255879124,0.91536629,0.74154466,0.23481340188646932,0.17989676005073366,32.0,0.21639140027735015,0.17382163000000006,0.05491664183573566
408,1600938562349232,7,0,4083005,767.0,744.0,1,5,0.8147440279064828,0.6760486059332289,0.87765056,0.80729896,0.2307091848266644,0.17840868288312292,23.0,0.1386954219732539,0.07035159999999996,0.052300501943541466
408,1600938562482553,6,3,4083005,768.0,761.0,1,1,0.7742759424658492,0.7553728379877995,0.83443987,0.85785419,0.22403223149187537,0.16710783099116575,7.0,0.01890310447804966,-0.02341431999999999,0.05692440050070963
408,1600938562549214,5,1,4083013,761.0,746.0,1,5,0.758384574179226,0.6871610408165396,0.87294328,0.75560492,0.16528515220728285,0.2211117148944711,15.0,0.07122353336268639,0.11733835999999997,-0.05582656268718825
408,1600938562682535,6,1,4083013,763.0,728.0,1,9,0.7370731092537973,0.5630129922102715,0.87202221,0.33970943,0.1610310663124936,0.16217799087864673,35.0,0.17406011704352586,0.53231278,-0.0011469245661531458
408,1600938563015838,8,3,4083034,804.0,764.0,1,8,0.773772983311652,0.7577344294570096,0.84739816,0.45917773,0.1474579035309341,0.15398608968336386,40.0,0.016038553854642368,0.38822043,-0.006528186152429755
